Composition,HV,Source
Co22.2Cr22.2Fe22.2Ni22.2Mo11.1,220,"Hsu C Y ,  Juan C C ,  Sheu T S , et al. Effect of Aluminum Content on Microstructure and Mechanical Properties of AlxCoCrFeMo0.5Ni High-Entropy Alloys[J]. JOM, 2013, 65(12):1840-1847."
Al10Co20Cr20Fe20Ni20Mo10,440,"Hsu C Y ,  Juan C C ,  Sheu T S , et al. Effect of Aluminum Content on Microstructure and Mechanical Properties of AlxCoCrFeMo0.5Ni High-Entropy Alloys[J]. JOM, 2013, 65(12):1840-1847."
Al20Co10Cr20Fe20Ni20Mo10,801,"Hsu C Y ,  Wang W R ,  Tang W Y , et al. Microstructure and Mechanical Properties of New AlCoxCrFeMo0.5Ni High‐Entropy Alloys[J]. Advanced Engineering Materials, 2010, 12(1-2):44-49."
Al20Co20Cr20Fe10Ni20Mo10,755,"A C Y H ,  B T S S ,  A J W Y , et al. Effect of iron content on wear behavior of AlCoCrFe x Mo 0.5 Ni high-entropy alloys[J]. Wear, 2010, 268( 5–6):653-659."
Al19.6Co19.6Cr19.6Fe11.8Ni19.6Mo9.8,754,"A C Y H ,  B T S S ,  A J W Y , et al. Effect of iron content on wear behavior of AlCoCrFe x Mo 0.5 Ni high-entropy alloys[J]. Wear, 2010, 268( 5–6):653-659."
Al20Co20Cr20Fe20Ni10Mo10,708,"Juan C C ,  Hsu C Y ,  Tsai C W , et al. On microstructure and mechanical performance of AlCoCrFeMo0.5Nix high-entropy alloys[J]. Intermetallics, 2013, 32:401-407."
Al16.7Co16.7Cr16.7Fe16.7Ni25Mo8.3,586,"Juan C C ,  Hsu C Y ,  Tsai C W , et al. On microstructure and mechanical performance of AlCoCrFeMo0.5Nix high-entropy alloys[J]. Intermetallics, 2013, 32:401-407."
Al15.4Co15.4Cr15.4Fe15.4Ni30.8Mo7.7,395,"Juan C C ,  Hsu C Y ,  Tsai C W , et al. On microstructure and mechanical performance of AlCoCrFeMo0.5Nix high-entropy alloys[J]. Intermetallics, 2013, 32:401-407."
Al16.7Co25Cr16.7Fe16.7Ni16.7Mo8.3,741,"Hsu C Y ,  Wang W R ,  Tang W Y , et al. Microstructure and Mechanical Properties of New AlCoxCrFeMo0.5Ni High‐Entropy Alloys[J]. Advanced Engineering Materials, 2010, 12(1-2):44-49."
Al15.4Co30.8Cr15.4Fe15.4Ni15.4Mo7.7,586,"Hsu C Y ,  Wang W R ,  Tang W Y , et al. Microstructure and Mechanical Properties of New AlCoxCrFeMo0.5Ni High‐Entropy Alloys[J]. Advanced Engineering Materials, 2010, 12(1-2):44-49."
Al16.7Co16.7Cr16.7Fe25Ni16.7Mo8.3,635,"A C Y H ,  B T S S ,  A J W Y , et al. Effect of iron content on wear behavior of AlCoCrFe x Mo 0.5 Ni high-entropy alloys[J]. Wear, 2010, 268( 5–6):653-659."
Al15.4Co15.4Cr15.4Fe30.8Ni15.4Mo7.7,639,"A C Y H ,  B T S S ,  A J W Y , et al. Effect of iron content on wear behavior of AlCoCrFe x Mo 0.5 Ni high-entropy alloys[J]. Wear, 2010, 268( 5–6):653-659."
Al25Co16.7Cr16.7Fe16.7Ni16.7Mo8.3,665,"Hsu C Y ,  Juan C C ,  Sheu T S , et al. Effect of Aluminum Content on Microstructure and Mechanical Properties of AlxCoCrFeMo0.5Ni High-Entropy Alloys[J]. JOM, 2013, 65(12):1840-1847."
Al30.8Co15.4Cr15.4Fe15.4Ni15.4Mo7.7,615,"Hsu C Y ,  Juan C C ,  Sheu T S , et al. Effect of Aluminum Content on Microstructure and Mechanical Properties of AlxCoCrFeMo0.5Ni High-Entropy Alloys[J]. JOM, 2013, 65(12):1840-1847."
Co19Cr19Fe19Ni19Mn19V4.8,151,"Stepanov N D ,  Shaysultanov D G ,  Salishchev G A , et al. Effect of V content on microstructure and mechanical properties of the CoCrFeMnNiVx high entropy alloys[J]. Journal of Alloys and Compounds, 2015."
Co18.2Cr18.2Fe18.2Ni18.2Mn18.2V9.1,186,"Stepanov N D ,  Shaysultanov D G ,  Salishchev G A , et al. Effect of V content on microstructure and mechanical properties of the CoCrFeMnNiVx high entropy alloys[J]. Journal of Alloys and Compounds, 2015."
Co17.4Cr17.4Fe17.4Ni17.4Mn17.4V13,342,"Stepanov N D ,  Shaysultanov D G ,  Salishchev G A , et al. Effect of V content on microstructure and mechanical properties of the CoCrFeMnNiVx high entropy alloys[J]. Journal of Alloys and Compounds, 2015."
Co16.7Cr16.7Fe16.7Ni16.7Mn16.7V16.7,650,"Stepanov N D ,  Shaysultanov D G ,  Salishchev G A , et al. Effect of V content on microstructure and mechanical properties of the CoCrFeMnNiVx high entropy alloys[J]. Journal of Alloys and Compounds, 2015."
Al2Co19.6Cr19.6Fe19.6Ni19.6Mn19.6,180,"He J Y ,  Liu W H ,  Wang H , et al. Effects of Al addition on structural evolution and tensile properties of the FeCoNiCrMn high-entropy alloy system[J]. Acta Materialia, 2014, 62(1):105–113."
Al3.8Co19.2Cr19.2Fe19.2Ni19.2Mn19.2,171,"He J Y ,  Liu W H ,  Wang H , et al. Effects of Al addition on structural evolution and tensile properties of the FeCoNiCrMn high-entropy alloy system[J]. Acta Materialia, 2014, 62(1):105–113."
Al7.1Co18.6Cr18.6Fe18.6Ni18.6Mn18.6,182,"He J Y ,  Liu W H ,  Wang H , et al. Effects of Al addition on structural evolution and tensile properties of the FeCoNiCrMn high-entropy alloy system[J]. Acta Materialia, 2014, 62(1):105–113."
Al7.9Co18.4Cr18.4Fe18.4Ni18.4Mn18.4,183,"He J Y ,  Liu W H ,  Wang H , et al. Effects of Al addition on structural evolution and tensile properties of the FeCoNiCrMn high-entropy alloy system[J]. Acta Materialia, 2014, 62(1):105–113."
Al8.9Co18.2Cr18.2Fe18.2Ni18.2Mn18.2,220,"He J Y ,  Liu W H ,  Wang H , et al. Effects of Al addition on structural evolution and tensile properties of the FeCoNiCrMn high-entropy alloy system[J]. Acta Materialia, 2014, 62(1):105–113."
Al10.1Co18Cr18Fe18Ni18Mn18,278,"He J Y ,  Liu W H ,  Wang H , et al. Effects of Al addition on structural evolution and tensile properties of the FeCoNiCrMn high-entropy alloy system[J]. Acta Materialia, 2014, 62(1):105–113."
Al11Co17.8Cr17.8Fe17.8Ni17.8Mn17.8,405,"He J Y ,  Liu W H ,  Wang H , et al. Effects of Al addition on structural evolution and tensile properties of the FeCoNiCrMn high-entropy alloy system[J]. Acta Materialia, 2014, 62(1):105–113."
Al12Co17.6Cr17.6Fe17.6Ni17.6Mn17.6,486,"He J Y ,  Liu W H ,  Wang H , et al. Effects of Al addition on structural evolution and tensile properties of the FeCoNiCrMn high-entropy alloy system[J]. Acta Materialia, 2014, 62(1):105–113."
Al13Co17.4Cr17.4Fe17.4Ni17.4Mn17.4,530,"He J Y ,  Liu W H ,  Wang H , et al. Effects of Al addition on structural evolution and tensile properties of the FeCoNiCrMn high-entropy alloy system[J]. Acta Materialia, 2014, 62(1):105–113."
Al13.9Co17.2Cr17.2Fe17.2Ni17.2Mn17.2,539,"He J Y ,  Liu W H ,  Wang H , et al. Effects of Al addition on structural evolution and tensile properties of the FeCoNiCrMn high-entropy alloy system[J]. Acta Materialia, 2014, 62(1):105–113."
Al15Co17Cr17Fe17Ni17Mn17,533,"He J Y ,  Liu W H ,  Wang H , et al. Effects of Al addition on structural evolution and tensile properties of the FeCoNiCrMn high-entropy alloy system[J]. Acta Materialia, 2014, 62(1):105–113."
Al16Co16.8Cr16.8Fe16.8Ni16.8Mn16.8,535,"He J Y ,  Liu W H ,  Wang H , et al. Effects of Al addition on structural evolution and tensile properties of the FeCoNiCrMn high-entropy alloy system[J]. Acta Materialia, 2014, 62(1):105–113."
Al20Co16Cr16Fe16Ni16Mn16,539,"He J Y ,  Liu W H ,  Wang H , et al. Effects of Al addition on structural evolution and tensile properties of the FeCoNiCrMn high-entropy alloy system[J]. Acta Materialia, 2014, 62(1):105–113."
Al11.1Cr22.2Fe33.3Ni11.1Mn22.2,396,"Chen S T ,  Tang W Y ,  Kuo Y F , et al. Microstructure and properties of age-hardenable Al_xCrFe_(1.5)MnNi_(0.5) alloys[J]. Materials Science and Engineering, 2010, 527(21-22):P.5818-5825."
Al7Cr23.3Fe34.9Ni11.6Mn23.3,297,"Chen S T ,  Tang W Y ,  Kuo Y F , et al. Microstructure and properties of age-hardenable Al_xCrFe_(1.5)MnNi_(0.5) alloys[J]. Materials Science and Engineering, 2010, 527(21-22):P.5818-5825."
Al22.2Co22.2Cr22.2Fe22.2Mo11.1,857,"Juan C C ,  Hsu C Y ,  Tsai C W , et al. On microstructure and mechanical performance of AlCoCrFeMo0.5Nix high-entropy alloys[J]. Intermetallics, 2013, 32:401-407."
Al23.8Cr23.8Fe23.8Ni23.8Mo4.8,549,"Li Z T . Microstructure and mechanical properties of multi-component AlCrFeNiMox high-entropy alloys[J]. Journal of Alloys and Compounds, 2013."
Al22.2Cr22.2Fe22.2Ni22.2Mo11.1,622,"Li Z T . Microstructure and mechanical properties of multi-component AlCrFeNiMox high-entropy alloys[J]. Journal of Alloys and Compounds, 2013."
Al20.8Cr20.8Fe20.8Ni20.8Mo16.7,854,"Li Z T . Microstructure and mechanical properties of multi-component AlCrFeNiMox high-entropy alloys[J]. Journal of Alloys and Compounds, 2013."
Al20Cr20Fe20Ni20Mo20,905,"Li Z T . Microstructure and mechanical properties of multi-component AlCrFeNiMox high-entropy alloys[J]. Journal of Alloys and Compounds, 2013."
Co25Cr25Cu25Fe25,134,"Yeh J W . Recent progress in high-entropy alloys[J]. European Journal of Control, 2006, 31(6):633-648."
Al7Co23.3Cr23.3Cu23.3Fe23.3,180,"Yeh J W . Recent progress in high-entropy alloys[J]. European Journal of Control, 2006, 31(6):633-648."
Al11.1Co22.2Cr22.2Cu22.2Fe22.2,207,"Yeh J W . Recent progress in high-entropy alloys[J]. European Journal of Control, 2006, 31(6):633-648."
Al16.7Co20.8Cr20.8Cu20.8Fe20.8,271,"Yeh J W . Recent progress in high-entropy alloys[J]. European Journal of Control, 2006, 31(6):633-648."
Al24.5Co18.9Cr18.9Cu18.9Fe18.9,476,"Yeh J W . Recent progress in high-entropy alloys[J]. European Journal of Control, 2006, 31(6):633-648."
Al27.3Co18.2Cr18.2Cu18.2Fe18.2,510,"Yeh J W . Recent progress in high-entropy alloys[J]. European Journal of Control, 2006, 31(6):633-648."
Al31Co17.2Cr17.2Cu17.2Fe17.2,557,"Yeh J W . Recent progress in high-entropy alloys[J]. European Journal of Control, 2006, 31(6):633-648."
Al33.3Co16.7Cr16.7Cu16.7Fe16.7,567,"Yeh J W . Recent progress in high-entropy alloys[J]. European Journal of Control, 2006, 31(6):633-648."
Al36.5Co15.9Cr15.9Cu15.9Fe15.9,603,"Yeh J W . Recent progress in high-entropy alloys[J]. European Journal of Control, 2006, 31(6):633-648."
Al38.5Co15.4Cr15.4Cu15.4Fe15.4,624,"Yeh J W . Recent progress in high-entropy alloys[J]. European Journal of Control, 2006, 31(6):633-648."
Al41.2Co14.7Cr14.7Cu14.7Fe14.7,657,"Yeh J W . Recent progress in high-entropy alloys[J]. European Journal of Control, 2006, 31(6):633-648."
Al42.9Co14.3Cr14.3Cu14.3Fe14.3,644,"Yeh J W . Recent progress in high-entropy alloys[J]. European Journal of Control, 2006, 31(6):633-648."
Co22.2Cr22.2Cu11.1Fe22.2Ni22.2,172,"Lin C M ,  Tsai H L ,  Bor H Y . Effect of aging treatment on microstructure and properties of high-entropy Cu0.5CoCrFeNi alloy[J]. Intermetallics, 2010, 18(6):1244-1250."
Al8.8Co17.5Cr17.5Cu17.5Fe17.5Ni17.5Ti3.5,272,"Chen M R ,  Lin S J ,  Yeh J W , et al. Microstructure and Properties of Al0.5CoCrCuFeNiTix (x=0–2.0) High-Entropy Alloys[J]. Materials Transactions, 2006, 47(5):1395-1401."
Al8.5Co16.9Cr16.9Cu16.9Fe16.9Ni16.9Ti6.8,321,"Chen M R ,  Lin S J ,  Yeh J W , et al. Microstructure and Properties of Al0.5CoCrCuFeNiTix (x=0–2.0) High-Entropy Alloys[J]. Materials Transactions, 2006, 47(5):1395-1401."
Al8.2Co16.4Cr16.4Cu16.4Fe16.4Ni16.4Ti9.8,458,"Chen M R ,  Lin S J ,  Yeh J W , et al. Microstructure and Properties of Al0.5CoCrCuFeNiTix (x=0–2.0) High-Entropy Alloys[J]. Materials Transactions, 2006, 47(5):1395-1401."
Al7.9Co15.9Cr15.9Cu15.9Fe15.9Ni15.9Ti12.7,590,"Chen M R ,  Lin S J ,  Yeh J W , et al. Microstructure and Properties of Al0.5CoCrCuFeNiTix (x=0–2.0) High-Entropy Alloys[J]. Materials Transactions, 2006, 47(5):1395-1401."
Al7.7Co15.4Cr15.4Cu15.4Fe15.4Ni15.4Ti15.4,636,"Chen M R ,  Lin S J ,  Yeh J W , et al. Microstructure and Properties of Al0.5CoCrCuFeNiTix (x=0–2.0) High-Entropy Alloys[J]. Materials Transactions, 2006, 47(5):1395-1401."
Al7.5Co14.9Cr14.9Cu14.9Fe14.9Ni14.9Ti17.9,646,"Chen M R ,  Lin S J ,  Yeh J W , et al. Microstructure and Properties of Al0.5CoCrCuFeNiTix (x=0–2.0) High-Entropy Alloys[J]. Materials Transactions, 2006, 47(5):1395-1401."
Al7.2Co14.5Cr14.5Cu14.5Fe14.5Ni14.5Ti20.3,664,"Chen M R ,  Lin S J ,  Yeh J W , et al. Microstructure and Properties of Al0.5CoCrCuFeNiTix (x=0–2.0) High-Entropy Alloys[J]. Materials Transactions, 2006, 47(5):1395-1401."
Al7Co14.1Cr14.1Cu14.1Fe14.1Ni14.1Ti22.5,657,"Chen M R ,  Lin S J ,  Yeh J W , et al. Microstructure and Properties of Al0.5CoCrCuFeNiTix (x=0–2.0) High-Entropy Alloys[J]. Materials Transactions, 2006, 47(5):1395-1401."
Al6.8Co13.7Cr13.7Cu13.7Fe13.7Ni13.7Ti24.7,667,"Chen M R ,  Lin S J ,  Yeh J W , et al. Microstructure and Properties of Al0.5CoCrCuFeNiTix (x=0–2.0) High-Entropy Alloys[J]. Materials Transactions, 2006, 47(5):1395-1401."
Al6.7Co13.3Cr13.3Cu13.3Fe13.3Ni13.3Ti26.7,696,"Chen M R ,  Lin S J ,  Yeh J W , et al. Microstructure and Properties of Al0.5CoCrCuFeNiTix (x=0–2.0) High-Entropy Alloys[J]. Materials Transactions, 2006, 47(5):1395-1401."
Al8.8Co17.5Cr17.5Cu17.5Fe17.5Ni17.5V3.5,204,"Effect of vanadium addition on the microstructure, hardness, and wear resistance of Al0.5CoCrCuFeNi high-entropy alloy. Metallurgical and Materials Transactions A, 2006."
Al8.5Co16.9Cr16.9Cu16.9Fe16.9Ni16.9V6.8,231,"Effect of vanadium addition on the microstructure, hardness, and wear resistance of Al0.5CoCrCuFeNi high-entropy alloy. Metallurgical and Materials Transactions A, 2006."
Al8.2Co16.4Cr16.4Cu16.4Fe16.4Ni16.4V9.8,328,"Effect of vanadium addition on the microstructure, hardness, and wear resistance of Al0.5CoCrCuFeNi high-entropy alloy. Metallurgical and Materials Transactions A, 2006."
Al7.9Co15.9Cr15.9Cu15.9Fe15.9Ni15.9V12.7,447,"Effect of vanadium addition on the microstructure, hardness, and wear resistance of Al0.5CoCrCuFeNi high-entropy alloy. Metallurgical and Materials Transactions A, 2006."
Al7.7Co15.4Cr15.4Cu15.4Fe15.4Ni15.4V15.4,639,"Effect of vanadium addition on the microstructure, hardness, and wear resistance of Al0.5CoCrCuFeNi high-entropy alloy. Metallurgical and Materials Transactions A, 2006."
Al7.5Co14.9Cr14.9Cu14.9Fe14.9Ni14.9V17.9,579,"Effect of vanadium addition on the microstructure, hardness, and wear resistance of Al0.5CoCrCuFeNi high-entropy alloy. Metallurgical and Materials Transactions A, 2006."
Al7.2Co14.5Cr14.5Cu14.5Fe14.5Ni14.5V20.3,577,"Effect of vanadium addition on the microstructure, hardness, and wear resistance of Al0.5CoCrCuFeNi high-entropy alloy. Metallurgical and Materials Transactions A, 2006."
Al7Co14.1Cr14.1Cu14.1Fe14.1Ni14.1V22.5,594,"Effect of vanadium addition on the microstructure, hardness, and wear resistance of Al0.5CoCrCuFeNi high-entropy alloy. Metallurgical and Materials Transactions A, 2006."
Al6.8Co13.7Cr13.7Cu13.7Fe13.7Ni13.7V24.7,597,"Effect of vanadium addition on the microstructure, hardness, and wear resistance of Al0.5CoCrCuFeNi high-entropy alloy. Metallurgical and Materials Transactions A, 2006."
Al6.7Co13.3Cr13.3Cu13.3Fe13.3Ni13.3V26.7,587,"Effect of vanadium addition on the microstructure, hardness, and wear resistance of Al0.5CoCrCuFeNi high-entropy alloy. Metallurgical and Materials Transactions A, 2006."
Co20Cu20Fe20Ni20Mn20,208,"Liu L ,  Zhu J B ,  Li L , et al. Microstructure and tensile properties of FeMnNiCuCoSnx high entropy alloys[J]. Materials & Design, 2013, 44(FEB.):223-227."
Cr20Cu20Fe20Ni20Mn20,296,"Li C ,  Li J C ,  Zhao M , et al. Effect of alloying elements on microstructure and properties of multiprincipal elements high-entropy alloys[J]. Journal of Alloys & Compounds, 2009, 475(1-2):752-757."
Cr20Cu20Fe20Ni20Mo20,263,"Li C ,  Li J C ,  Zhao M , et al. Effect of alloying elements on microstructure and properties of multiprincipal elements high-entropy alloys[J]. Journal of Alloys & Compounds, 2009, 475(1-2):752-757."
Al18.2Co9.1Cr18.2Cu18.2Fe18.2Ni18.2,473,"Tung C C ,  Yeh J W ,  Shun T T . On the elemental effect of AlCoCrCuFeNi high-entropy alloy system[J]. Materials Letters, 2007, 61(1):1-5."
Al18.2Co18.2Cr9.1Cu18.2Fe18.2Ni18.2,367,"Tung C C ,  Yeh J W ,  Shun T T . On the elemental effect of AlCoCrCuFeNi high-entropy alloy system[J]. Materials Letters, 2007, 61(1):1-5."
Al18.2Co18.2Cr18.2Cu18.2Fe9.1Ni18.2,418,"Tung C C ,  Yeh J W ,  Shun T T . On the elemental effect of AlCoCrCuFeNi high-entropy alloy system[J]. Materials Letters, 2007, 61(1):1-5."
Al18.2Co18.2Cr18.2Cu18.2Fe18.2Ni9.1,423,"Tung C C ,  Yeh J W ,  Shun T T . On the elemental effect of AlCoCrCuFeNi high-entropy alloy system[J]. Materials Letters, 2007, 61(1):1-5."
Al5.3Co21.1Cr21.1Fe26.3Ni26.3,168,"Wang Z ,  Gao M C ,  Ma S G , et al. Effect of cold rolling on the microstructure and mechanical properties of Al0.25CoCrFe1.25Ni1.25 high-entropy alloy[J]. Materials Science and Engineering A, 2015:MSEAD1502182."
Al12.5Co12.5Cr12.5Fe12.5Ni50,225,"Zhu Z G ,  Ma K H ,  Wang Q , et al. Compositional dependence of phase formation and mechanical properties in three CoCrFeNi-(Mn/Al/Cu) high entropy alloys[J]. Intermetallics, 2016, 79:1-11."
Cr25Cu25Fe25Ni25,143,"Zhu Z G ,  Ma K H ,  Wang Q , et al. Compositional dependence of phase formation and mechanical properties in three CoCrFeNi-(Mn/Al/Cu) high entropy alloys[J]. Intermetallics, 2016, 79:1-11."
Co5Cr23.8Cu23.8Fe23.8Ni23.8,146,"Zhu Z G ,  Ma K H ,  Wang Q , et al. Compositional dependence of phase formation and mechanical properties in three CoCrFeNi-(Mn/Al/Cu) high entropy alloys[J]. Intermetallics, 2016, 79:1-11."
Co10Cr22.5Cu22.5Fe22.5Ni22.5,150,"Zhu Z G ,  Ma K H ,  Wang Q , et al. Compositional dependence of phase formation and mechanical properties in three CoCrFeNi-(Mn/Al/Cu) high entropy alloys[J]. Intermetallics, 2016, 79:1-11."
Co15Cr21.3Cu21.3Fe21.3Ni21.3,158,"Zhu Z G ,  Ma K H ,  Wang Q , et al. Compositional dependence of phase formation and mechanical properties in three CoCrFeNi-(Mn/Al/Cu) high entropy alloys[J]. Intermetallics, 2016, 79:1-11."
Co33.3Cr16.7Cu16.7Fe16.7Ni16.7,175,"Zhu Z G ,  Ma K H ,  Wang Q , et al. Compositional dependence of phase formation and mechanical properties in three CoCrFeNi-(Mn/Al/Cu) high entropy alloys[J]. Intermetallics, 2016, 79:1-11."
Co25Cu25Fe25Ni25,154,"Zhu Z G ,  Ma K H ,  Wang Q , et al. Compositional dependence of phase formation and mechanical properties in three CoCrFeNi-(Mn/Al/Cu) high entropy alloys[J]. Intermetallics, 2016, 79:1-11."
Co23.8Cr5Cu23.8Fe23.8Ni23.8,153,"Zhu Z G ,  Ma K H ,  Wang Q , et al. Compositional dependence of phase formation and mechanical properties in three CoCrFeNi-(Mn/Al/Cu) high entropy alloys[J]. Intermetallics, 2016, 79:1-11."
Co22.5Cr10Cu22.5Fe22.5Ni22.5,158,"Zhu Z G ,  Ma K H ,  Wang Q , et al. Compositional dependence of phase formation and mechanical properties in three CoCrFeNi-(Mn/Al/Cu) high entropy alloys[J]. Intermetallics, 2016, 79:1-11."
Co21.3Cr15Cu21.3Fe21.3Ni21.3,161,"Zhu Z G ,  Ma K H ,  Wang Q , et al. Compositional dependence of phase formation and mechanical properties in three CoCrFeNi-(Mn/Al/Cu) high entropy alloys[J]. Intermetallics, 2016, 79:1-11."
Co16.7Cr33.3Cu16.7Fe16.7Ni16.7,172,"Zhu Z G ,  Ma K H ,  Wang Q , et al. Compositional dependence of phase formation and mechanical properties in three CoCrFeNi-(Mn/Al/Cu) high entropy alloys[J]. Intermetallics, 2016, 79:1-11."
Co25Cr25Cu25Ni25,183,"Zhu Z G ,  Ma K H ,  Wang Q , et al. Compositional dependence of phase formation and mechanical properties in three CoCrFeNi-(Mn/Al/Cu) high entropy alloys[J]. Intermetallics, 2016, 79:1-11."
Co23.8Cr23.8Cu23.8Fe5Ni23.8,182,"Zhu Z G ,  Ma K H ,  Wang Q , et al. Compositional dependence of phase formation and mechanical properties in three CoCrFeNi-(Mn/Al/Cu) high entropy alloys[J]. Intermetallics, 2016, 79:1-11."
Co22.5Cr22.5Cu22.5Fe10Ni22.5,172,"Zhu Z G ,  Ma K H ,  Wang Q , et al. Compositional dependence of phase formation and mechanical properties in three CoCrFeNi-(Mn/Al/Cu) high entropy alloys[J]. Intermetallics, 2016, 79:1-11."
Co21.3Cr21.3Cu21.3Fe15Ni21.3,171,"Zhu Z G ,  Ma K H ,  Wang Q , et al. Compositional dependence of phase formation and mechanical properties in three CoCrFeNi-(Mn/Al/Cu) high entropy alloys[J]. Intermetallics, 2016, 79:1-11."
Co16.7Cr16.7Cu16.7Fe33.3Ni16.7,157,"Zhu Z G ,  Ma K H ,  Wang Q , et al. Compositional dependence of phase formation and mechanical properties in three CoCrFeNi-(Mn/Al/Cu) high entropy alloys[J]. Intermetallics, 2016, 79:1-11."
Co22.5Cr22.5Cu22.5Fe22.5Ni10,170,"Zhu Z G ,  Ma K H ,  Wang Q , et al. Compositional dependence of phase formation and mechanical properties in three CoCrFeNi-(Mn/Al/Cu) high entropy alloys[J]. Intermetallics, 2016, 79:1-11."
Co21.3Cr21.3Cu21.3Fe21.3Ni15,167,"Zhu Z G ,  Ma K H ,  Wang Q , et al. Compositional dependence of phase formation and mechanical properties in three CoCrFeNi-(Mn/Al/Cu) high entropy alloys[J]. Intermetallics, 2016, 79:1-11."
Co16.7Cr16.7Cu16.7Fe16.7Ni33.3,158,"Zhu Z G ,  Ma K H ,  Wang Q , et al. Compositional dependence of phase formation and mechanical properties in three CoCrFeNi-(Mn/Al/Cu) high entropy alloys[J]. Intermetallics, 2016, 79:1-11."
Co26.7Cr26.7Fe26.7Ni20,140,"Zhu Z G ,  Ma K H ,  Wang Q , et al. Compositional dependence of phase formation and mechanical properties in three CoCrFeNi-(Mn/Al/Cu) high entropy alloys[J]. Intermetallics, 2016, 79:1-11."
Co20Cr20Fe20Ni40,125,"Zhu Z G ,  Ma K H ,  Wang Q , et al. Compositional dependence of phase formation and mechanical properties in three CoCrFeNi-(Mn/Al/Cu) high entropy alloys[J]. Intermetallics, 2016, 79:1-11."
Al14.3Co14.3Cr14.3Fe14.3Ni42.9,242,"Zhu Z G ,  Ma K H ,  Wang Q , et al. Compositional dependence of phase formation and mechanical properties in three CoCrFeNi-(Mn/Al/Cu) high entropy alloys[J]. Intermetallics, 2016, 79:1-11."
Al15.4Co15.4Cr15.4Fe15.4Ni38.5,265,"Zhu Z G ,  Ma K H ,  Wang Q , et al. Compositional dependence of phase formation and mechanical properties in three CoCrFeNi-(Mn/Al/Cu) high entropy alloys[J]. Intermetallics, 2016, 79:1-11."
Al16.7Co16.7Cr16.7Fe16.7Ni33.3,335,"Zhu Z G ,  Ma K H ,  Wang Q , et al. Compositional dependence of phase formation and mechanical properties in three CoCrFeNi-(Mn/Al/Cu) high entropy alloys[J]. Intermetallics, 2016, 79:1-11."
Co28.3Cr28.3Fe28.3Ni15,170,"Zhu Z G ,  Ma K H ,  Wang Q , et al. Compositional dependence of phase formation and mechanical properties in three CoCrFeNi-(Mn/Al/Cu) high entropy alloys[J]. Intermetallics, 2016, 79:1-11."
Al5Co31.7Cr31.7Fe31.7,475,"Zhu Z G ,  Ma K H ,  Wang Q , et al. Compositional dependence of phase formation and mechanical properties in three CoCrFeNi-(Mn/Al/Cu) high entropy alloys[J]. Intermetallics, 2016, 79:1-11."
Al10Co30Cr30Fe30,620,"Zhu Z G ,  Ma K H ,  Wang Q , et al. Compositional dependence of phase formation and mechanical properties in three CoCrFeNi-(Mn/Al/Cu) high entropy alloys[J]. Intermetallics, 2016, 79:1-11."
Al18.2Co18.2Cr18.2Fe18.2Ni27.3,503,"Zhu Z G ,  Ma K H ,  Wang Q , et al. Compositional dependence of phase formation and mechanical properties in three CoCrFeNi-(Mn/Al/Cu) high entropy alloys[J]. Intermetallics, 2016, 79:1-11."
Al21.3Co21.3Cr21.3Fe21.3Ni15,555,"Zhu Z G ,  Ma K H ,  Wang Q , et al. Compositional dependence of phase formation and mechanical properties in three CoCrFeNi-(Mn/Al/Cu) high entropy alloys[J]. Intermetallics, 2016, 79:1-11."
Al22.5Co22.5Cr22.5Fe22.5Ni10,548,"Zhu Z G ,  Ma K H ,  Wang Q , et al. Compositional dependence of phase formation and mechanical properties in three CoCrFeNi-(Mn/Al/Cu) high entropy alloys[J]. Intermetallics, 2016, 79:1-11."
Al23.8Co23.8Cr23.8Fe23.8Ni5,615,"Zhu Z G ,  Ma K H ,  Wang Q , et al. Compositional dependence of phase formation and mechanical properties in three CoCrFeNi-(Mn/Al/Cu) high entropy alloys[J]. Intermetallics, 2016, 79:1-11."
Al25Co25Cr25Fe25,720,"Zhu Z G ,  Ma K H ,  Wang Q , et al. Compositional dependence of phase formation and mechanical properties in three CoCrFeNi-(Mn/Al/Cu) high entropy alloys[J]. Intermetallics, 2016, 79:1-11."
Al23.8Co5Cr23.8Fe23.8Ni23.8,550,"Zhu Z G ,  Ma K H ,  Wang Q , et al. Compositional dependence of phase formation and mechanical properties in three CoCrFeNi-(Mn/Al/Cu) high entropy alloys[J]. Intermetallics, 2016, 79:1-11."
Al22.5Co10Cr22.5Fe22.5Ni22.5,539,"Zhu Z G ,  Ma K H ,  Wang Q , et al. Compositional dependence of phase formation and mechanical properties in three CoCrFeNi-(Mn/Al/Cu) high entropy alloys[J]. Intermetallics, 2016, 79:1-11."
Al16.7Co33.3Cr16.7Fe16.7Ni16.7,532,"Zhu Z G ,  Ma K H ,  Wang Q , et al. Compositional dependence of phase formation and mechanical properties in three CoCrFeNi-(Mn/Al/Cu) high entropy alloys[J]. Intermetallics, 2016, 79:1-11."
Al23.8Co23.8Cr5Fe23.8Ni23.8,438,"Zhu Z G ,  Ma K H ,  Wang Q , et al. Compositional dependence of phase formation and mechanical properties in three CoCrFeNi-(Mn/Al/Cu) high entropy alloys[J]. Intermetallics, 2016, 79:1-11."
Al22.5Co22.5Cr10Fe22.5Ni22.5,476,"Zhu Z G ,  Ma K H ,  Wang Q , et al. Compositional dependence of phase formation and mechanical properties in three CoCrFeNi-(Mn/Al/Cu) high entropy alloys[J]. Intermetallics, 2016, 79:1-11."
Al21.3Co21.3Cr15Fe21.3Ni21.3,510,"Zhu Z G ,  Ma K H ,  Wang Q , et al. Compositional dependence of phase formation and mechanical properties in three CoCrFeNi-(Mn/Al/Cu) high entropy alloys[J]. Intermetallics, 2016, 79:1-11."
Al16.7Co16.7Cr33.3Fe16.7Ni16.7,617,"Zhu Z G ,  Ma K H ,  Wang Q , et al. Compositional dependence of phase formation and mechanical properties in three CoCrFeNi-(Mn/Al/Cu) high entropy alloys[J]. Intermetallics, 2016, 79:1-11."
Al25Co25Cr25Ni25,712,"Zhu Z G ,  Ma K H ,  Wang Q , et al. Compositional dependence of phase formation and mechanical properties in three CoCrFeNi-(Mn/Al/Cu) high entropy alloys[J]. Intermetallics, 2016, 79:1-11."
Al23.8Co23.8Cr23.8Fe5Ni23.8,665,"Zhu Z G ,  Ma K H ,  Wang Q , et al. Compositional dependence of phase formation and mechanical properties in three CoCrFeNi-(Mn/Al/Cu) high entropy alloys[J]. Intermetallics, 2016, 79:1-11."
Al22.5Co22.5Cr22.5Fe10Ni22.5,587,"Zhu Z G ,  Ma K H ,  Wang Q , et al. Compositional dependence of phase formation and mechanical properties in three CoCrFeNi-(Mn/Al/Cu) high entropy alloys[J]. Intermetallics, 2016, 79:1-11."
Al21.3Co21.3Cr21.3Fe15Ni21.3,558,"Zhu Z G ,  Ma K H ,  Wang Q , et al. Compositional dependence of phase formation and mechanical properties in three CoCrFeNi-(Mn/Al/Cu) high entropy alloys[J]. Intermetallics, 2016, 79:1-11."
Al15Co28.3Cr28.3Fe28.3,655,"Zhu Z G ,  Ma K H ,  Wang Q , et al. Compositional dependence of phase formation and mechanical properties in three CoCrFeNi-(Mn/Al/Cu) high entropy alloys[J]. Intermetallics, 2016, 79:1-11."
Al20Co26.7Cr26.7Fe26.7,695,"Zhu Z G ,  Ma K H ,  Wang Q , et al. Compositional dependence of phase formation and mechanical properties in three CoCrFeNi-(Mn/Al/Cu) high entropy alloys[J]. Intermetallics, 2016, 79:1-11."
Al40Co20Cr20Fe20,775,"Zhu Z G ,  Ma K H ,  Wang Q , et al. Compositional dependence of phase formation and mechanical properties in three CoCrFeNi-(Mn/Al/Cu) high entropy alloys[J]. Intermetallics, 2016, 79:1-11."
Al5.7Co18.9Cr18.9Cu18.9Fe18.9Ni18.9,183,"Yeh J W ,  Chen S K ,  Lin S J , et al. Nanostructured High-Entropy Alloys with Multiple Principal Elements: Novel Alloy Design Concepts and Outcomes[J]. Advanced Engineering Materials, 2004, 6(5):299-303."
Al13.8Co17.2Cr17.2Cu17.2Fe17.2Ni17.2,272,"Yeh J W ,  Chen S K ,  Lin S J , et al. Nanostructured High-Entropy Alloys with Multiple Principal Elements: Novel Alloy Design Concepts and Outcomes[J]. Advanced Engineering Materials, 2004, 6(5):299-303."
Al20.6Co15.9Cr15.9Cu15.9Fe15.9Ni15.9,473,"Yeh J W ,  Chen S K ,  Lin S J , et al. Nanostructured High-Entropy Alloys with Multiple Principal Elements: Novel Alloy Design Concepts and Outcomes[J]. Advanced Engineering Materials, 2004, 6(5):299-303."
Al26.5Co14.7Cr14.7Cu14.7Fe14.7Ni14.7,604,"Yeh J W ,  Chen S K ,  Lin S J , et al. Nanostructured High-Entropy Alloys with Multiple Principal Elements: Novel Alloy Design Concepts and Outcomes[J]. Advanced Engineering Materials, 2004, 6(5):299-303."
Al23.1Co15.4Cr15.4Cu15.4Fe15.4Ni15.4,508,"Yeh J W ,  Chen S K ,  Lin S J , et al. Nanostructured High-Entropy Alloys with Multiple Principal Elements: Novel Alloy Design Concepts and Outcomes[J]. Advanced Engineering Materials, 2004, 6(5):299-303."
Al31.5Co13.7Cr13.7Cu13.7Fe13.7Ni13.7,602,"Yeh J W ,  Chen S K ,  Lin S J , et al. Nanostructured High-Entropy Alloys with Multiple Principal Elements: Novel Alloy Design Concepts and Outcomes[J]. Advanced Engineering Materials, 2004, 6(5):299-303."
Al33.3Co13.3Cr13.3Cu13.3Fe13.3Ni13.3,623,"Yeh J W ,  Chen S K ,  Lin S J , et al. Nanostructured High-Entropy Alloys with Multiple Principal Elements: Novel Alloy Design Concepts and Outcomes[J]. Advanced Engineering Materials, 2004, 6(5):299-303."
Al35.9Co12.8Cr12.8Cu12.8Fe12.8Ni12.8,653,"Yeh J W ,  Chen S K ,  Lin S J , et al. Nanostructured High-Entropy Alloys with Multiple Principal Elements: Novel Alloy Design Concepts and Outcomes[J]. Advanced Engineering Materials, 2004, 6(5):299-303."
Al37.5Co12.5Cr12.5Cu12.5Fe12.5Ni12.5,688,"Yeh J W ,  Chen S K ,  Lin S J , et al. Nanostructured High-Entropy Alloys with Multiple Principal Elements: Novel Alloy Design Concepts and Outcomes[J]. Advanced Engineering Materials, 2004, 6(5):299-303."
Al2.4Co24.4Cr24.4Fe24.4Ni24.4,118,"Wrwa B ,  Wlw B ,  Scw B , et al. Effects of Al addition on the microstructure and mechanical property of Al x CoCrFeNi high-entropy alloys[J]. Intermetallics, 2012, 26:44-51."
Al14.9Co21.3Cr21.3Fe21.3Ni21.3,338,"Wrwa B ,  Wlw B ,  Scw B , et al. Effects of Al addition on the microstructure and mechanical property of Al x CoCrFeNi high-entropy alloys[J]. Intermetallics, 2012, 26:44-51."
Al16.7Co20.8Cr20.8Fe20.8Ni20.8,382,"Wrwa B ,  Wlw B ,  Scw B , et al. Effects of Al addition on the microstructure and mechanical property of Al x CoCrFeNi high-entropy alloys[J]. Intermetallics, 2012, 26:44-51."
Al18.4Co20.4Cr20.4Fe20.4Ni20.4,527,"Wrwa B ,  Wlw B ,  Scw B , et al. Effects of Al addition on the microstructure and mechanical property of Al x CoCrFeNi high-entropy alloys[J]. Intermetallics, 2012, 26:44-51."
Al31Co17.2Cr17.2Fe17.2Ni17.2,482,"Wrwa B ,  Wlw B ,  Scw B , et al. Effects of Al addition on the microstructure and mechanical property of Al x CoCrFeNi high-entropy alloys[J]. Intermetallics, 2012, 26:44-51."
Al14.3Co42.9Cu14.3Fe14.3Ni14.3,166,"Yanxin, ZHUANG, 1), et al. Effect of Co element on microstructure and mechanical properties of FeCo_x NiCuAl alloys[J]. Acta Metallurgica Sinica(English Letters), 2012, 02(v.25):38-44."
Al23.8Co4.8Cu23.8Fe23.8Ni23.8,531,"Yanxin, ZHUANG, 1), et al. Effect of Co element on microstructure and mechanical properties of FeCo_x NiCuAl alloys[J]. Acta Metallurgica Sinica(English Letters), 2012, 02(v.25):38-44."
Al22.2Co11.1Cu22.2Fe22.2Ni22.2,545,"Yanxin, ZHUANG, 1), et al. Effect of Co element on microstructure and mechanical properties of FeCo_x NiCuAl alloys[J]. Acta Metallurgica Sinica(English Letters), 2012, 02(v.25):38-44."
Al18.2Co27.3Cu18.2Fe18.2Ni18.2,366,"Yanxin, ZHUANG, 1), et al. Effect of Co element on microstructure and mechanical properties of FeCo_x NiCuAl alloys[J]. Acta Metallurgica Sinica(English Letters), 2012, 02(v.25):38-44."
Al16.7Co33.3Cu16.7Fe16.7Ni16.7,249,"Yanxin, ZHUANG, 1), et al. Effect of Co element on microstructure and mechanical properties of FeCo_x NiCuAl alloys[J]. Acta Metallurgica Sinica(English Letters), 2012, 02(v.25):38-44."
Al5.9Co23.5Cr23.5Fe23.5Ni23.5,110,"Kao Y F ,  Chen T J ,  Chen S K , et al. Microstructure and mechanical property of as-cast, homogenized, and -deformed Al x CoCrFeNi (0 ≤ x ≤ 2) high-entropy alloys[J]. Journal of Alloys & Compounds, 2009, 488(1):57-64."
Al15.8Co21.1Cr21.1Fe21.1Ni21.1,388,"Kao Y F ,  Chen T J ,  Chen S K , et al. Microstructure and mechanical property of as-cast, homogenized, and -deformed Al x CoCrFeNi (0 ≤ x ≤ 2) high-entropy alloys[J]. Journal of Alloys & Compounds, 2009, 488(1):57-64."
Al17.9Co20.5Cr20.5Fe20.5Ni20.5,538,"Kao Y F ,  Chen T J ,  Chen S K , et al. Microstructure and mechanical property of as-cast, homogenized, and -deformed Al x CoCrFeNi (0 ≤ x ≤ 2) high-entropy alloys[J]. Journal of Alloys & Compounds, 2009, 488(1):57-64."
Al3.8Cr19.2Cu19.2Fe19.2Ni38.5,162," Guo S ,  Ng C ,  Liu C T . Anomalous solidification microstructures in Co-free AlxCrCuFeNi2 high-entropy alloys[J]. Journal of Alloys & Compounds, 2013, 557:77-81."
Al5.7Cr18.9Cu18.9Fe18.9Ni37.7,170,"Guo S ,  Ng C ,  Liu C T . Anomalous solidification microstructures in Co-free AlxCrCuFeNi2 high-entropy alloys[J]. Journal of Alloys & Compounds, 2013, 557:77-81."
Al7.4Cr18.5Cu18.5Fe18.5Ni37,200,"Guo S ,  Ng C ,  Liu C T . Anomalous solidification microstructures in Co-free AlxCrCuFeNi2 high-entropy alloys[J]. Journal of Alloys & Compounds, 2013, 557:77-81."
Al9.1Cr18.2Cu18.2Fe18.2Ni36.4,238,"Guo S ,  Ng C ,  Liu C T . Anomalous solidification microstructures in Co-free AlxCrCuFeNi2 high-entropy alloys[J]. Journal of Alloys & Compounds, 2013, 557:77-81."
Al10.7Cr17.9Cu17.9Fe17.9Ni35.7,278,"Guo S ,  Ng C ,  Liu C T . Anomalous solidification microstructures in Co-free AlxCrCuFeNi2 high-entropy alloys[J]. Journal of Alloys & Compounds, 2013, 557:77-81."
Al12.3Cr17.5Cu17.5Fe17.5Ni35.1,290,"Guo S ,  Ng C ,  Liu C T . Anomalous solidification microstructures in Co-free AlxCrCuFeNi2 high-entropy alloys[J]. Journal of Alloys & Compounds, 2013, 557:77-81."
Al13.8Cr17.2Cu17.2Fe17.2Ni34.5,315,"Guo S ,  Ng C ,  Liu C T . Anomalous solidification microstructures in Co-free AlxCrCuFeNi2 high-entropy alloys[J]. Journal of Alloys & Compounds, 2013, 557:77-81."
Al15.3Cr16.9Cu16.9Fe16.9Ni33.9,339,"Guo S ,  Ng C ,  Liu C T . Anomalous solidification microstructures in Co-free AlxCrCuFeNi2 high-entropy alloys[J]. Journal of Alloys & Compounds, 2013, 557:77-81."
Al19.4Cr16.1Cu16.1Fe16.1Ni32.3,521,"Guo S ,  Ng C ,  Liu C T . Anomalous solidification microstructures in Co-free AlxCrCuFeNi2 high-entropy alloys[J]. Journal of Alloys & Compounds, 2013, 557:77-81."
Al23.1Cr15.4Cu15.4Fe15.4Ni30.8,546,"Guo S ,  Ng C ,  Liu C T . Anomalous solidification microstructures in Co-free AlxCrCuFeNi2 high-entropy alloys[J]. Journal of Alloys & Compounds, 2013, 557:77-81."
Al24.2Cr15.2Cu15.2Fe15.2Ni30.3,550,"Guo S ,  Ng C ,  Liu C T . Anomalous solidification microstructures in Co-free AlxCrCuFeNi2 high-entropy alloys[J]. Journal of Alloys & Compounds, 2013, 557:77-81."
Al28.6Cr14.3Cu14.3Fe14.3Ni28.6,567,"Guo S ,  Ng C ,  Liu C T . Anomalous solidification microstructures in Co-free AlxCrCuFeNi2 high-entropy alloys[J]. Journal of Alloys & Compounds, 2013, 557:77-81."
Al30.6Cr13.9Cu13.9Fe13.9Ni27.8,576,"Guo S ,  Ng C ,  Liu C T . Anomalous solidification microstructures in Co-free AlxCrCuFeNi2 high-entropy alloys[J]. Journal of Alloys & Compounds, 2013, 557:77-81."
Al33.3Cr13.3Cu13.3Fe13.3Ni26.7,593,"Guo S ,  Ng C ,  Liu C T . Anomalous solidification microstructures in Co-free AlxCrCuFeNi2 high-entropy alloys[J]. Journal of Alloys & Compounds, 2013, 557:77-81."
Al21.7Cr21.7Cu21.7Fe21.7Ni13,495,"Pi J ,  Ye P ,  Hui Z , et al. Microstructure and properties of AlCrFeCuNix (0.6 ≤ x ≤ 1.4) high-entropy alloys[J]. Materials Science & Engineering A, 2012, 534(Feb.1):228-233."
Al20.8Cr20.8Cu20.8Fe20.8Ni16.7,486,"Pi J ,  Ye P ,  Hui Z , et al. Microstructure and properties of AlCrFeCuNix (0.6 ≤ x ≤ 1.4) high-entropy alloys[J]. Materials Science & Engineering A, 2012, 534(Feb.1):228-233."
Al19.2Cr19.2Cu19.2Fe19.2Ni23.1,408,"Pi J ,  Ye P ,  Hui Z , et al. Microstructure and properties of AlCrFeCuNix (0.6 ≤ x ≤ 1.4) high-entropy alloys[J]. Materials Science & Engineering A, 2012, 534(Feb.1):228-233."
Al18.5Cr18.5Cu18.5Fe18.5Ni25.9,369,"Pi J ,  Ye P ,  Hui Z , et al. Microstructure and properties of AlCrFeCuNix (0.6 ≤ x ≤ 1.4) high-entropy alloys[J]. Materials Science & Engineering A, 2012, 534(Feb.1):228-233."
Al16.7Co16.7Cr16.7Cu8.3Fe16.7Ni25,358,"Wen C ,  Zhang Y ,  Wang C , et al. Machine learning assisted design of high entropy alloys with desired property[J]. Acta Materialia, 2019."
Al20Co20Cr20Cu10Fe10Ni20,586,"Wen C ,  Zhang Y ,  Wang C , et al. Machine learning assisted design of high entropy alloys with desired property[J]. Acta Materialia, 2019."
Al16.7Co16.7Cr25Cu8.3Fe16.7Ni16.7,601,"Wen C ,  Zhang Y ,  Wang C , et al. Machine learning assisted design of high entropy alloys with desired property[J]. Acta Materialia, 2019."
Al15.4Co30.8Cr15.4Cu7.7Fe15.4Ni15.4,295,"Wen C ,  Zhang Y ,  Wang C , et al. Machine learning assisted design of high entropy alloys with desired property[J]. Acta Materialia, 2019."
Al22.2Co22.2Cu11.1Fe22.2Ni22.2,584,"Wen C ,  Zhang Y ,  Wang C , et al. Machine learning assisted design of high entropy alloys with desired property[J]. Acta Materialia, 2019."
Al15.4Co15.4Cr15.4Cu7.7Fe15.4Ni30.8,310,"Wen C ,  Zhang Y ,  Wang C , et al. Machine learning assisted design of high entropy alloys with desired property[J]. Acta Materialia, 2019."
Al16.7Co25Cr16.7Cu8.3Fe16.7Ni16.7,451,"Wen C ,  Zhang Y ,  Wang C , et al. Machine learning assisted design of high entropy alloys with desired property[J]. Acta Materialia, 2019."
Al20Co20Cr10Cu10Fe20Ni20,546,"Wen C ,  Zhang Y ,  Wang C , et al. Machine learning assisted design of high entropy alloys with desired property[J]. Acta Materialia, 2019."
Al15.4Co15.4Cr30.8Cu7.7Fe15.4Ni15.4,607,"Wen C ,  Zhang Y ,  Wang C , et al. Machine learning assisted design of high entropy alloys with desired property[J]. Acta Materialia, 2019."
Al16.7Co16.7Cr16.7Cu8.3Fe25Ni16.7,537,"Wen C ,  Zhang Y ,  Wang C , et al. Machine learning assisted design of high entropy alloys with desired property[J]. Acta Materialia, 2019."
Al15.4Co15.4Cr15.4Cu7.7Fe30.8Ni15.4,514,"Wen C ,  Zhang Y ,  Wang C , et al. Machine learning assisted design of high entropy alloys with desired property[J]. Acta Materialia, 2019."
Al20Co20Cr20Cu10Fe20Ni10,604,"Wen C ,  Zhang Y ,  Wang C , et al. Machine learning assisted design of high entropy alloys with desired property[J]. Acta Materialia, 2019."
Al22.2Co22.2Cr22.2Cu11.1Fe22.2,639,"Wen C ,  Zhang Y ,  Wang C , et al. Machine learning assisted design of high entropy alloys with desired property[J]. Acta Materialia, 2019."
Al22.2Cr22.2Cu11.1Fe22.2Ni22.2,534,"Wen C ,  Zhang Y ,  Wang C , et al. Machine learning assisted design of high entropy alloys with desired property[J]. Acta Materialia, 2019."
Al30.8Co15.4Cr15.4Cu7.7Fe15.4Ni15.4,609,"Wen C ,  Zhang Y ,  Wang C , et al. Machine learning assisted design of high entropy alloys with desired property[J]. Acta Materialia, 2019."
Al20Co10Cr20Cu10Fe20Ni20,551,"Wen C ,  Zhang Y ,  Wang C , et al. Machine learning assisted design of high entropy alloys with desired property[J]. Acta Materialia, 2019."
Al11.1Cr22.2Cu22.2Fe22.2Ni22.2,382,"Anmin L I ,  Zhang X . Effect of Al on Microstructure and Hardness of AlxCrCuFeNi High-entropy Alloy System[J]. Hot Working Technology, 2008."
Al27.3Cr18.2Cu18.2Fe18.2Ni18.2,573,"Anmin L I ,  Zhang X . Effect of Al on Microstructure and Hardness of AlxCrCuFeNi High-entropy Alloy System[J]. Hot Working Technology, 2008."
Al33.3Cr16.7Cu16.7Fe16.7Ni16.7,651,"Anmin L I ,  Zhang X . Effect of Al on Microstructure and Hardness of AlxCrCuFeNi High-entropy Alloy System[J]. Hot Working Technology, 2008."
Al7.7Co30.8Fe30.8Ni30.8,137,"Zuo T T ,  Li R B ,  Ren X J , et al. Effects of Al and Si addition on the structure and properties of CoFeNi equal atomic ratio alloy[J]. Journal of Magnetism & Magnetic Materials, 2014, 371(dec.):60-68."
Al14.3Co28.6Fe28.6Ni28.6,209,"Zuo T T ,  Li R B ,  Ren X J , et al. Effects of Al and Si addition on the structure and properties of CoFeNi equal atomic ratio alloy[J]. Journal of Magnetism & Magnetic Materials, 2014, 371(dec.):60-68."
Al20Co26.7Fe26.7Ni26.7,383,"Zuo T T ,  Li R B ,  Ren X J , et al. Effects of Al and Si addition on the structure and properties of CoFeNi equal atomic ratio alloy[J]. Journal of Magnetism & Magnetic Materials, 2014, 371(dec.):60-68."
Al8Co17Cr17Cu8Fe17Ni33,280,"Manzoni A ,  Daoud H ,  Mondal S , et al. Investigation of phases in Al23Co15Cr23Cu8Fe15Ni16 and Al8Co17Cr17Cu8Fe17Ni33 high entropy alloys and comparison with equilibrium phases predicted by Thermo-Calc[J]. Journal of Alloys & Compounds, 2013, 552:430-436."
Al23Co15Cr23Cu8Fe15Ni16,580,"Manzoni A ,  Daoud H ,  Mondal S , et al. Investigation of phases in Al23Co15Cr23Cu8Fe15Ni16 and Al8Co17Cr17Cu8Fe17Ni33 high entropy alloys and comparison with equilibrium phases predicted by Thermo-Calc[J]. Journal of Alloys & Compounds, 2013, 552:430-436."
Al11.8Cr29.4Fe44.1Ni14.7,450,"Du Y Y ,  Lu Y P ,  Li T J , et al. Effect of aluminium content of Al x CrFe 1·5 Ni 0·5 multiprincipal alloys on microstructure and alloy hardness[J]. Materials Research Innovations, 2013, 15(2):107-110."
Al6.3Cr31.3Fe46.9Ni15.6,304,"Du Y Y ,  Lu Y P ,  Li T J , et al. Effect of aluminium content of Al x CrFe 1·5 Ni 0·5 multiprincipal alloys on microstructure and alloy hardness[J]. Materials Research Innovations, 2013, 15(2):107-110."
Al38.5Co15.4Cr15.4Fe15.4Ni15.4,695,"Li C ,  Li J C ,  Zhao M , et al. Effect of aluminum contents on microstructure and properties of AlxCoCrFeNi alloys[J]. Journal of Alloys and Compounds, 2010, 504(supp-S1):S515-S518."
Al42.9Co14.3Cr14.3Fe14.3Ni14.3,740,"Li C ,  Li J C ,  Zhao M , et al. Effect of aluminum contents on microstructure and properties of AlxCoCrFeNi alloys[J]. Journal of Alloys and Compounds, 2010, 504(supp-S1):S515-S518."
Al28.6Co14.3Cr14.3Cu14.3Fe14.3Ni14.3,571,"Yeh J W ,  Chen S K ,  Lin S J , et al. Nanostructured High-Entropy Alloys with Multiple Principal Elements: Novel Alloy Design Concepts and Outcomes[J]. Advanced Engineering Materials, 2004, 6(5):299-303. 、Wu J M ,  Lin S J ,  Yeh J W , et al. Adhesive wear behavior of AlxCoCrCuFeNi high-entropy alloys as a function of aluminum content[J]. Wear, 2006, 261(5-6):513-519."
Al20Co20Cr20Cu20Ni20,415,"Hsu U S ,  Hung U D ,  Yeh J W , et al. Alloying behavior of iron, gold and silver in AlCoCrCuNi-based equimolar high-entropy alloys[J]. Materials Science & Engineering A, 2007, 460(none):403-408.、Jien-Wei Yeh, Shou-Yi Chang, Yu-Der Hong,等. Anomalous decrease in X-ray diffraction intensities of Cu–Ni–Al–Co–Cr–Fe–Si alloy systems with multi-principal elements[J]. Materials Chemistry & Physics, 2007, 103(1):41-46."
Al25Co16.7Cr16.7Cu8.3Fe16.7Ni16.7,602,"Wen C ,  Zhang Y ,  Wang C , et al. Machine learning assisted design of high entropy alloys with desired property[J]. Acta Materialia, 2019.、 Praveen S ,  Murty B S ,  Kottada R S . Alloying behavior in multi-component AlCoCrCuFe and NiCoCrCuFe high entropy alloys[J]. Materials Science and Engineering A, 2012, 534(Feb.1):83-89."
Co20Cr20Cu20Fe20Ni20,144,"Zhu Z G ,  Ma K H ,  Wang Q , et al. Compositional dependence of phase formation and mechanical properties in three CoCrFeNi-(Mn/Al/Cu) high entropy alloys[J]. Intermetallics, 2016, 79:1-11.、Yuan L . Microstructure and Mechanical Performance of AlxCoCrCuFeNi High-Entropy Alloys[J]. RARE METAL MATERIALS AND ENGINEERING, 2009, 38(9):1602-1607."
Al43Co6Cr33Cu6Fe6Ni6,764,"Wen C ,  Zhang Y ,  Wang C , et al. Machine learning assisted design of high entropy alloys with desired property[J]. Acta Materialia, 2019."
Al42.9Co14.3Cr7.1Cu7.1Fe7.1Ni21.4,591,"Wen C ,  Zhang Y ,  Wang C , et al. Machine learning assisted design of high entropy alloys with desired property[J]. Acta Materialia, 2019."
Al42.9Co21.4Cr7.1Cu7.1Fe7.1Ni14.3,701,"Wen C ,  Zhang Y ,  Wang C , et al. Machine learning assisted design of high entropy alloys with desired property[J]. Acta Materialia, 2019."
Al40Co13.3Cr6.7Cu13.3Fe20Ni6.7,768,"Wen C ,  Zhang Y ,  Wang C , et al. Machine learning assisted design of high entropy alloys with desired property[J]. Acta Materialia, 2019."
Al46.2Co15.4Cr7.7Cu7.7Fe15.4Ni7.7,702,"Wen C ,  Zhang Y ,  Wang C , et al. Machine learning assisted design of high entropy alloys with desired property[J]. Acta Materialia, 2019."
Al42.9Co14.3Cr14.3Cu7.1Fe7.1Ni14.3,720,"Wen C ,  Zhang Y ,  Wang C , et al. Machine learning assisted design of high entropy alloys with desired property[J]. Acta Materialia, 2019."
Al42.9Co7.1Cr14.3Cu7.1Fe14.3Ni14.3,694,"Wen C ,  Zhang Y ,  Wang C , et al. Machine learning assisted design of high entropy alloys with desired property[J]. Acta Materialia, 2019."
Al7Cr23.3Fe23.3Ni46.5,149,"Wen C ,  Zhang Y ,  Wang C , et al. Machine learning assisted design of high entropy alloys with desired property[J]. Acta Materialia, 2019."
Al11.1Cr22.2Fe22.2Ni44.4,229,"Wen C ,  Zhang Y ,  Wang C , et al. Machine learning assisted design of high entropy alloys with desired property[J]. Acta Materialia, 2019."
Al13Cr28Cu22Fe6Ni31,459,"Wen C ,  Zhang Y ,  Wang C , et al. Machine learning assisted design of high entropy alloys with desired property[J]. Acta Materialia, 2019."
Al12Cr31Cu21Fe5Ni31,469,"Wen C ,  Zhang Y ,  Wang C , et al. Machine learning assisted design of high entropy alloys with desired property[J]. Acta Materialia, 2019."
Al12Cr31Cu20Fe5Ni32,483,"Wen C ,  Zhang Y ,  Wang C , et al. Machine learning assisted design of high entropy alloys with desired property[J]. Acta Materialia, 2019."
Al10Cr35Cu25Fe5Ni25,472,"Wen C ,  Zhang Y ,  Wang C , et al. Machine learning assisted design of high entropy alloys with desired property[J]. Acta Materialia, 2019."
Al10Cr35Cu26Fe5Ni24,454,"Wen C ,  Zhang Y ,  Wang C , et al. Machine learning assisted design of high entropy alloys with desired property[J]. Acta Materialia, 2019."
Al10Cr35Cu24Fe5Ni26,441,"Wen C ,  Zhang Y ,  Wang C , et al. Machine learning assisted design of high entropy alloys with desired property[J]. Acta Materialia, 2019."
Al11Cr29Cu29Fe5Ni26,495,"Wen C ,  Zhang Y ,  Wang C , et al. Machine learning assisted design of high entropy alloys with desired property[J]. Acta Materialia, 2019."
Al11Cr28Cu29Fe7Ni25,477,"Wen C ,  Zhang Y ,  Wang C , et al. Machine learning assisted design of high entropy alloys with desired property[J]. Acta Materialia, 2019."
Al11Cr28Cu27Fe6Ni28,469,"Wen C ,  Zhang Y ,  Wang C , et al. Machine learning assisted design of high entropy alloys with desired property[J]. Acta Materialia, 2019."
Al23.1Cr15.4Cu15.4Fe15.4Ni15.4Mn15.4,718,"王子玥,郭敏,于雪,姜小丹,农智升,朱景川.退火对Al_(1.5)CrCuFeMnTi高熵合金组织和硬度的影响[J].稀有金属与硬质合金,2019,47(02):15-21./Wang ziyue, Guo min, Yu Xue, Jiang Xiaodan, Nong Zhisheng, Zhu Jingchuan. Effect of Annealing on Microstructures and hardness of Al1.5CrCuFeNiMnTi high entropy alloy[J]. Rare metals and cemented carbides, 2019,47 (02): 15-21"
Al17.2Co17.2Cr17.2Fe17.2Ni17.2Ti13.8,525.2,"黄蕾,王雪洁,王长征,杨院生.Ti对AlCoCrFeNiTi_x高熵合金微观组织和摩擦性能的影响[J].特种铸造及有色合金,2020,40(05):562-566./Huang Lei, Wang Xuejie, Wang Changzheng, Yang Yuansheng. Microstructure Evolution and Wear Resistance of AlCoCrFeNiTi[J]. Special casting and nonferrous alloy, 2020,40 (05): 562-566"
Co25Fe25Ni25Mn25,138,"侯丽丽,郭强,惠嘉涛,要玉宏,刘江南.FeCoNiMnB_x高熵合金微观组织及力学性能的研究[J].热加工工艺,2019,48(14):23-26./Hou Lili, Guo Qiang, Hui Jiatao, Yao Yuhong, Liu Jiangnan.Study on Microstructure and Mechanical Properties of FeCoNiMnB[J]. Hot Working Technology, 2019,48 (14): 23-26"
Cr24.4Cu2.4Fe24.4Ni24.4Ti24.4,834,"龚文娟. Cu_xCrFeNiTi高熵合金抗高温氧化与耐腐蚀性能的研究[D].湘潭大学,2019./Gongwenjuan. High Temperature Oxidation Resistance and Corrosion Resistance of CuxCrFeNiTi 
High Entropy Alloy[D]. Xiangtan University, 2019"
Cr23.5Cu5.9Fe23.5Ni23.5Ti23.5,825,"龚文娟. Cu_xCrFeNiTi高熵合金抗高温氧化与耐腐蚀性能的研究[D].湘潭大学,2019./Gongwenjuan. High Temperature Oxidation Resistance and Corrosion Resistance of CuxCrFeNiTi 
High Entropy Alloy[D]. Xiangtan University, 2019"
Cr22.2Cu11.1Fe22.2Ni22.2Ti22.2,727,"龚文娟. Cu_xCrFeNiTi高熵合金抗高温氧化与耐腐蚀性能的研究[D].湘潭大学,2019./Gongwenjuan. High Temperature Oxidation Resistance and Corrosion Resistance of CuxCrFeNiTi 
High Entropy Alloy[D]. Xiangtan University, 2019"
Cr21.1Cu15.8Fe21.1Ni21.1Ti21.1,661,"龚文娟. Cu_xCrFeNiTi高熵合金抗高温氧化与耐腐蚀性能的研究[D].湘潭大学,2019./Gongwenjuan. High Temperature Oxidation Resistance and Corrosion Resistance of CuxCrFeNiTi 
High Entropy Alloy[D]. Xiangtan University, 2019"
Cr20Cu20Fe20Ni20Ti20,657,"龚文娟. Cu_xCrFeNiTi高熵合金抗高温氧化与耐腐蚀性能的研究[D].湘潭大学,2019./Gongwenjuan. High Temperature Oxidation Resistance and Corrosion Resistance of CuxCrFeNiTi 
High Entropy Alloy[D]. Xiangtan University, 2019"
Cr10Fe50Ni10Mn30,136,"白莉,王宇哲,杨小光,汪仁斌.Cr元素对FeMnNiCr高熵合金微观组织与性能的影响[J].热加工工艺,2020,49(22):53-56+62./Bai Li, Wang Yuzhe, Yang Xiaoguang, Wang Renbin. Effect of Cr on Microstructure and Mechanical Properties of FeMnNiCr High-Alloy [J].  Hot Working Technology, 2020,49 (22): 53-56 + 62"
Cr18Fe50Ni10Mn22,149,"白莉,王宇哲,杨小光,汪仁斌.Cr元素对FeMnNiCr高熵合金微观组织与性能的影响[J].热加工工艺,2020,49(22):53-56+62./Bai Li, Wang Yuzhe, Yang Xiaoguang, Wang Renbin. Effect of Cr on Microstructure and Mechanical Properties of FeMnNiCr High-Alloy [J]. Hot working process, 2020,49 (22): 53-56 + 62"
Co20Cr20Fe20Ni20Ti20,887,"徐义库,刘建儒,宋绪丁,陈永楠,黄兆皓,郝建民,刘林.CoCrFeNiTiAlx高熵合金的组织演变及其力学性能研究[J].热加工工艺,2018,47(24):21-24+30./Xu yiku, Liu Jianru, song Xuding, Chen Yongnan, Huang zhaohao, Hao Jianmin, Liu Lin. Study on Microstructure Evolution and Mechanical Properties of CoCrFeNiTiAl high entropy alloy [J]. Hot working process, 2018,47 (24): 21-24 + 30"
Al16.4Co16.4Cr16.4Cu16.4Fe16.4Ni16.4V1.6,482,"李安敏,徐飞,郭宝航,孔德明,王福卫.AlNiFeCuCoCrV_x高熵合金的显微组织与力学性能[J].机械工程材料,2019,43(04):48-52./Li Anmin, Xu Fei, Guo Baohang, Kong Deming, Wang Fuwei. Alnifecucocrv_ X. Microstructure and Mechanical Properties of AlNiFeCuCoCrV high entropy alloys [J]. Materials for mechanical engineering, 2019,43 (04): 48-52"
Al15.2Cr15.2Cu24.2Fe15.2Ni30.3,372,"杨思华,李承泽,张宇峰,曲迎东.AlCrFeNi_2Cu_x高熵合金组织及性能[J].沈阳工业大学学报,2019,41(04):390-394./Yang Sihua, Li Chengze, Zhang Yufeng, Qu Yingdong. Microstructure and mechanical properties of AlCrFeNiCuX high entropy alloy [J]. Journal of Shenyang University of technology, 2019,41 (04): 390-394"
Al4.8Cr23.8Cu23.8Ni23.8Ti23.8,376,"郭富强.Al_xCrCuNiTi高熵合金的微观组织与硬度[J].特种铸造及有色合金,2019,39(12):1277-1281./Guo Fuqiang.Microstructure and Hardness of AlCrCuNiTi High-entropy Alloys [J]. Special casting and nonferrous alloy, 2019,39 (12): 1277-1281"
Al20Cr20Cu20Ni20Ti20,513,"郭富强.Al_xCrCuNiTi高熵合金的微观组织与硬度[J].特种铸造及有色合金,2019,39(12):1277-1281./Guo Fuqiang.Microstructure and Hardness of AlCrCuNiTi High-entropy Alloys [J]. Special casting and nonferrous alloy, 2019,39 (12): 1277-1281"
Co25Fe25Ni25Mo25,458,"曲明洋,李廷取,颜丙辉,索忠源.Al_xCoFeNiMo高熵合金的结构演变及力学性能[J].铸造,2020,69(01):11-15./Qu Mingyang, Li tingzhe, Yan Binghui, Suo Zhongyuan. Microstructural Evolution and Mechanical Properties of AlCoFeNiMo High-Entropy Alloys[J]. Foundry, 2020,69 (01): 11-15"
Al20Co20Fe20Ni20Mo20,750,"曲明洋,李廷取,颜丙辉,索忠源.Al_xCoFeNiMo高熵合金的结构演变及力学性能[J].铸造,2020,69(01):11-15./Qu Mingyang, Li tingzhe, Yan Binghui, Suo Zhongyuan. Microstructural Evolution and Mechanical Properties of AlCoFeNiMo High-Entropy Alloys[J]. Foundry, 2020,69 (01): 11-15"
Al2.5Co25Cr22.5Fe25Ni25,135.3,"王帅. Al_xCoFeNiCr_（1-x）高熵合金微观组织，力学性能及耐腐蚀性能研究[D].中北大学,2020./Wang Shuai. Study on the Mechanical Properties and Corrosion Resistance of AlxCoFeNiCr1-x High-Entropy Alloys[D]. Zhongbei University, 2020"
Al5Co25Cr20Fe25Ni25,147.2,"王帅. Al_xCoFeNiCr_（1-x）高熵合金微观组织，力学性能及耐腐蚀性能研究[D].中北大学,2020./Wang Shuai. Study on the Mechanical Properties and Corrosion Resistance of AlxCoFeNiCr1-x High-Entropy Alloys[D]. Zhongbei University, 2020"
Al7.5Co25Cr17.5Fe25Ni25,175.3,"王帅. Al_xCoFeNiCr_（1-x）高熵合金微观组织，力学性能及耐腐蚀性能研究[D].中北大学,2020./Wang Shuai. Study on the Mechanical Properties and Corrosion Resistance of AlxCoFeNiCr1-x High-Entropy Alloys[D]. Zhongbei University, 2020"
Al10Co25Cr15Fe25Ni25,190.4,"王帅. Al_xCoFeNiCr_（1-x）高熵合金微观组织，力学性能及耐腐蚀性能研究[D].中北大学,2020./Wang Shuai. Study on the Mechanical Properties and Corrosion Resistance of AlxCoFeNiCr1-x High-Entropy Alloys[D]. Zhongbei University, 2020"
Al12.5Co25Cr12.5Fe25Ni25,210.6,"王帅. Al_xCoFeNiCr_（1-x）高熵合金微观组织，力学性能及耐腐蚀性能研究[D].中北大学,2020./Wang Shuai. Study on the Mechanical Properties and Corrosion Resistance of AlxCoFeNiCr1-x High-Entropy Alloys[D]. Zhongbei University, 2020"
Al15Co25Cr10Fe25Ni25,250.3,"王帅. Al_xCoFeNiCr_（1-x）高熵合金微观组织，力学性能及耐腐蚀性能研究[D].中北大学,2020./Wang Shuai. Study on the Mechanical Properties and Corrosion Resistance of AlxCoFeNiCr1-x High-Entropy Alloys[D]. Zhongbei University, 2020"
Al17.5Co25Cr7.5Fe25Ni25,314.1,"王帅. Al_xCoFeNiCr_（1-x）高熵合金微观组织，力学性能及耐腐蚀性能研究[D].中北大学,2020./Wang Shuai. Study on the Mechanical Properties and Corrosion Resistance of AlxCoFeNiCr1-x High-Entropy Alloys[D]. Zhongbei University, 2020"
Al20Co25Cr5Fe25Ni25,386.5,"王帅. Al_xCoFeNiCr_（1-x）高熵合金微观组织，力学性能及耐腐蚀性能研究[D].中北大学,2020./Wang Shuai. Study on the Mechanical Properties and Corrosion Resistance of AlxCoFeNiCr1-x High-Entropy Alloys[D]. Zhongbei University, 2020"
Al22.5Co25Cr2.5Fe25Ni25,486.3,"王帅. Al_xCoFeNiCr_（1-x）高熵合金微观组织，力学性能及耐腐蚀性能研究[D].中北大学,2020./Wang Shuai. Study on the Mechanical Properties and Corrosion Resistance of AlxCoFeNiCr1-x High-Entropy Alloys[D]. Zhongbei University, 2020"
Al6.5Co21.7Cr21.7Fe21.7Ni21.7Mn6.5,147,"程一丹. Al-Co-Cr-Fe-Mn-Ni-C系高熵合金组织及性能的研究[D].西安工业大学,2018./Cheng Yidan. Study on Al-Co-Cr-Fe-Mn-Ni-C High-entropy Alloys in As-Cast 
and Annealed Phase [D]. Xi'an University of technology, 2018"
Al6.1Co20.4Cr20.4Fe20.4Ni20.4Mn12.2,135,"程一丹. Al-Co-Cr-Fe-Mn-Ni-C系高熵合金组织及性能的研究[D].西安工业大学,2018./Cheng Yidan. Study on Al-Co-Cr-Fe-Mn-Ni-C High-entropy Alloys in As-Cast 
and Annealed Phase [D]. Xi'an University of technology, 2018"
Al10.4Co20.8Cr20.8Fe20.8Ni20.8Mn6.3,176,"程一丹. Al-Co-Cr-Fe-Mn-Ni-C系高熵合金组织及性能的研究[D].西安工业大学,2018./Cheng Yidan. Study on Al-Co-Cr-Fe-Mn-Ni-C High-entropy Alloys in As-Cast 
and Annealed Phase [D]. Xi'an University of technology, 2018"
Al9.8Co19.6Cr19.6Fe19.6Ni19.6Mn11.8,161,"程一丹. Al-Co-Cr-Fe-Mn-Ni-C系高熵合金组织及性能的研究[D].西安工业大学,2018./Cheng Yidan. Study on Al-Co-Cr-Fe-Mn-Ni-C High-entropy Alloys in As-Cast 
and Annealed Phase [D]. Xi'an University of technology, 2018"
Al18.9Co18.9Cr18.9Fe18.9Ni18.9Mn5.7,501,"程一丹. Al-Co-Cr-Fe-Mn-Ni-C系高熵合金组织及性能的研究[D].西安工业大学,2018./Cheng Yidan. Study on Al-Co-Cr-Fe-Mn-Ni-C High-entropy Alloys in As-Cast 
and Annealed Phase [D]. Xi'an University of technology, 2018"
Al17.9Co17.9Cr17.9Fe17.9Ni17.9Mn10.7,489,"程一丹. Al-Co-Cr-Fe-Mn-Ni-C系高熵合金组织及性能的研究[D].西安工业大学,2018./Cheng Yidan. Study on Al-Co-Cr-Fe-Mn-Ni-C High-entropy Alloys in As-Cast 
and Annealed Phase [D]. Xi'an University of technology, 2018"
Al20.6Co15.9Cr15.9Fe15.9Ni31.7,340,"王永祥. 高熵合金渗氮层的微观结构和摩擦学性能研究[D].太原理工大学,2018./Wang Yongxiang. Microstructure and Wearl Properties of nitrided layer of high entropy alloy [D]. Taiyuan University of technology, 2018."
Al18.2Cr18.2Cu18.2Fe18.2Ni18.2Ti9.1,460,"颉晶. AlCrCuFeNiTi_x系高熵合金组织及性能的研究[D].西安理工大学,2018./Jie Jing. Study on Microstructure and Properties of AlCrCuFeNiTi_x high entropy alloy [D]. Xi'an University of technology, 2018"
Al15.4Cr15.4Cu15.4Fe15.4Ni15.4Ti23.1,596,"颉晶. AlCrCuFeNiTi_x系高熵合金组织及性能的研究[D].西安理工大学,2018./Jie Jing. Study on Microstructure and Properties of AlCrCuFeNiTi_x high entropy alloy [D]. Xi'an University of technology, 2018"
Al20Cr20Fe20Ni20Ti20,687.48,"史秀丽,王灿明,孙宏飞,刘亮,杜宁乐.元素Cu对Cu_xAlFeNiCrTi(x=0,0.5,1.0)高熵合金组织性能的影响[J].材料保护,2018,51(01):58-61+75./Shi Xiuli, Wang Canming, Sun Hongfei, Liu Liang, Du Ningle. Effects of Cu Element on Microstructure and Properties of CuAlFeNiCrTi (x=0, 0.5, 1.0) High-Entropy Alloys [J]. Materials protection, 2018,51 (01): 58-61 + 75"
Al22Co18.3Cr18.3Fe18.3Ni18.3Ti4.6,666.38,"董鑫涛,刘贵仲,班煜峰,喻学谦,郭景杰.Ti元素对Al_(1.2)FeCrCoNiTi_x高熵合金微观组织及硬度的影响[J].热加工工艺,2018,47(04):75-79./Dong Xintao, Liu Guizhong, ban Yufeng, Yu Xueqian, Guo Jingjie. Effects of Ti Element on Microstructure and Hardness of AlFeCrCoNiTi High-entropy Alloys [J]. Hot Working Technology, 2018,47 (04): 75-79"
Al21.1Co17.5Cr17.5Fe17.5Ni17.5Ti8.8,717.02,"董鑫涛,刘贵仲,班煜峰,喻学谦,郭景杰.Ti元素对Al_(1.2)FeCrCoNiTi_x高熵合金微观组织及硬度的影响[J].热加工工艺,2018,47(04):75-79./Dong Xintao, Liu Guizhong, ban Yufeng, Yu Xueqian, Guo Jingjie. Effects of Ti Element on Microstructure and Hardness of AlFeCrCoNiTi High-entropy Alloys [J]. Hot Working Technology, 2018,47 (04): 75-79"
Al20.2Co16.8Cr16.8Fe16.8Ni16.8Ti12.6,702.61,"董鑫涛,刘贵仲,班煜峰,喻学谦,郭景杰.Ti元素对Al_(1.2)FeCrCoNiTi_x高熵合金微观组织及硬度的影响[J].热加工工艺,2018,47(04):75-79./Dong Xintao, Liu Guizhong, ban Yufeng, Yu Xueqian, Guo Jingjie. Effects of Ti Element on Microstructure and Hardness of AlFeCrCoNiTi High-entropy Alloys [J]. Hot Working Technology, 2018,47 (04): 75-79"
Al19.4Co16.1Cr16.1Fe16.1Ni16.1Ti16.1,676.45,"董鑫涛,刘贵仲,班煜峰,喻学谦,郭景杰.Ti元素对Al_(1.2)FeCrCoNiTi_x高熵合金微观组织及硬度的影响[J].热加工工艺,2018,47(04):75-79./Dong Xintao, Liu Guizhong, ban Yufeng, Yu Xueqian, Guo Jingjie. Effects of Ti Element on Microstructure and Hardness of AlFeCrCoNiTi High-entropy Alloys [J]. Hot Working Technology, 2018,47 (04): 75-79"
Co15.4Cu15.4Fe15.4Ni15.4Ti23.1V15.4,589,"叶海梅,杨文超,庞兴志,杨剑冰,湛永钟.Ti元素对CoCuFeNiVTi_x高熵合金耐磨性能的影响[J].广西大学学报(自然科学版),2017,42(03):1187-1191./Ye Haimei, Yang Wenchao, Pang Xingzhi, Yang Jianbing, Zhan Yongzhong. Effect of titanium content on wear resistance of CoCuFeNiVTi high-entropy alloys [J]. Journal of Guangxi University (NATURAL SCIENCE EDITION), 2017,42 (03): 1187-1191"
Al16.7Co16.7Cr16.7Fe16.7Ni16.7Mo16.7,851.08,"班煜峰,刘贵仲,董鑫涛,郭景杰.热处理对AlFeCrCoNiMo高熵合金微观组织与硬度的影响[J].锻压技术,2017,42(07):136-140./Ban Yufeng, Liu Guizhong, Dong Xintao, Guo Jingjie. Influence of heat treatment on microstructure and hardness of high entropy alloy AlFeCrCoNiMo[J]. Forging technology, 2017,42 (07): 136-140"
Al9.5Co19Cr19Cu14.3Fe19Ni19,240.7,"范啟超. AlFeCrNiCoCu系高熵合金及其复合材料组织及性能研究[D].哈尔滨工业大学,2011./Fan Qichao. Research on Microstructure and Properties of AlFeCrNiCoCu High-Entropy alloy based on Composites[D]. Harbin Institute of technology, 2011"
Al10Co20Cr20Cu10Fe20Ni20,240.78,"范啟超. AlFeCrNiCoCu系高熵合金及其复合材料组织及性能研究[D].哈尔滨工业大学,2011./Fan Qichao. Research on Microstructure and Properties of AlFeCrNiCoCu High-Entropy alloy based on Composites[D]. Harbin Institute of technology, 2011"
Al13.5Co19.2Cr19.2Cu9.6Fe19.2Ni19.2,312.54,"范啟超. AlFeCrNiCoCu系高熵合金及其复合材料组织及性能研究[D].哈尔滨工业大学,2011./Fan Qichao. Research on Microstructure and Properties of AlFeCrNiCoCu High-Entropy alloy based on Composites[D]. Harbin Institute of technology, 2011"
Al14.3Co19Cr19Cu9.5Fe19Ni19,341.09,"范啟超. AlFeCrNiCoCu系高熵合金及其复合材料组织及性能研究[D].哈尔滨工业大学,2011./Fan Qichao. Research on Microstructure and Properties of AlFeCrNiCoCu High-Entropy alloy based on Composites[D]. Harbin Institute of technology, 2011"
Al15Co20Cr20Cu5Fe20Ni20,375.23,"范啟超. AlFeCrNiCoCu系高熵合金及其复合材料组织及性能研究[D].哈尔滨工业大学,2011./Fan Qichao. Research on Microstructure and Properties of AlFeCrNiCoCu High-Entropy alloy based on Composites[D]. Harbin Institute of technology, 2011"
Al15.2Co19Cr19Cu8.6Fe19Ni19,403.25,"范啟超. AlFeCrNiCoCu系高熵合金及其复合材料组织及性能研究[D].哈尔滨工业大学,2011./Fan Qichao. Research on Microstructure and Properties of AlFeCrNiCoCu High-Entropy alloy based on Composites[D]. Harbin Institute of technology, 2011"
Al17Co18.9Cr18.9Cu7.5Fe18.9Ni18.9,560.11,"范啟超. AlFeCrNiCoCu系高熵合金及其复合材料组织及性能研究[D].哈尔滨工业大学,2011./Fan Qichao. Research on Microstructure and Properties of AlFeCrNiCoCu High-Entropy alloy based on Composites[D]. Harbin Institute of technology, 2011"
Al19.6Co19.6Cr19.6Cu2Fe19.6Ni19.6,578.26,"范啟超. AlFeCrNiCoCu系高熵合金及其复合材料组织及性能研究[D].哈尔滨工业大学,2011./Fan Qichao. Research on Microstructure and Properties of AlFeCrNiCoCu High-Entropy alloy based on Composites[D]. Harbin Institute of technology, 2011"
Cr16.7Cu16.7Fe16.7Ni16.7Ti16.7V16.7,657,"葛大梁,刘贵仲,周敏,郭景杰.Al_xCrFeNiCuVTi系高熵合金的组织和力学性能研究[J].热加工工艺,2013,42(08):47-49./Ge Daliang, Liu Guizhong, Zhou Min, Guo Jingjie. Study on Microstructure and Mechanical Properties of AlCrFeNiCuVTi High-entropy Alloy [J]. Hot Working Technology, 2013,42 (08): 47-49"
Al7.7Cr15.4Cu15.4Fe15.4Ni15.4Ti15.4V15.4,593,"葛大梁,刘贵仲,周敏,郭景杰.Al_xCrFeNiCuVTi系高熵合金的组织和力学性能研究[J].热加工工艺,2013,42(08):47-49./Ge Daliang, Liu Guizhong, Zhou Min, Guo Jingjie. Study on Microstructure and Mechanical Properties of AlCrFeNiCuVTi High-entropy Alloy [J]. Hot Working Technology, 2013,42 (08): 47-49"
Al14.3Cr14.3Cu14.3Fe14.3Ni14.3Ti14.3V14.3,750,"葛大梁,刘贵仲,周敏,郭景杰.Al_xCrFeNiCuVTi系高熵合金的组织和力学性能研究[J].热加工工艺,2013,42(08):47-49./Ge Daliang, Liu Guizhong, Zhou Min, Guo Jingjie. Study on Microstructure and Mechanical Properties of AlCrFeNiCuVTi High-entropy Alloy [J]. Hot Working Technology, 2013,42 (08): 47-49"
Al20Cr13.3Cu13.3Fe13.3Ni13.3Ti13.3V13.3,895,"葛大梁,刘贵仲,周敏,郭景杰.Al_xCrFeNiCuVTi系高熵合金的组织和力学性能研究[J].热加工工艺,2013,42(08):47-49./Ge Daliang, Liu Guizhong, Zhou Min, Guo Jingjie. Study on Microstructure and Mechanical Properties of AlCrFeNiCuVTi High-entropy Alloy [J]. Hot Working Technology, 2013,42 (08): 47-49"
Al19.2Co19.2Cr19.2Fe19.2Ni19.2Ti3.8,467,"王银凤. AlCoCrFeNiTi_X高熵合金的微观组织与力学性能研究[D].太原理工大学,2013./Wang Yinfeng. The Study of  Microstructures and mechanical properties of  AlCoCrFeNiTiX High Entropy alloy[D]. Taiyuan University of technology, 2013"
Cr21.5Cu3.2Fe21.5Ni32.3Mn21.5,127,"房伟峰. CuCrFeNiMn基高熵合金的微观组织和耐腐蚀性能研究[D].郑州大学,2014./Fang Weifeng.Microstructure and Corrosion Resistance Properties of 
CuCrFeNiMn Based High Entropy Alloys [D]. Zhengzhou University, 2014."
Al16.7Cr16.7Cu33.3Fe16.7Ni16.7,375,"张国玺,任波,赵瑞锋,关绍康,滕瑛瑶.时效处理对Cu_xCrFeNiAl高熵合金组织与硬度的影响[J].特种铸造及有色合金,2015,35(04):440-443./Zhang Guoxi, Ren Bo, Zhao Ruifeng,Guan Shaokang, Teng yingyao. Effects of Aging Treatment on Microstructure and Mechanical Properties of CuCrFeNiAl High-entropy Alloys[J]. Special casting and non-ferrous alloy, 2015,35 (04): 440-443"
Al23.8Co23.8Cr23.8Fe4.8Ni23.8,637.2,"陈秋实. 硼元素和铁元素对AlCoCrFeNi基高熵合金的改性研究[D].大连理工大学,2015./Chen Qiushi.Study on the Modification of AlCoCrFeNi based high entropy alloy by B and Fe [D]. Dalian University of technology, 2015."
Co22.2Cr22.2Fe22.2Ni22.2V11.1,470.5,"刘亮,齐锦刚,王冰,赵作福,商剑,张越.CoCrFeNiV_x高熵合金的组织与力学性能[J].特种铸造及有色合金,2015,35(11):1130-1133./Liu Liang, Qi Jingang, Wang Bing, Zhao Zuofu, Shang Jian, Zhang Yue.Microstructure and Mechanical Properties of CoCrFeNiV High Entropy Alloys [J]. Special casting and nonferrous alloys, 2015,35 (11): 1130-1133"
Co16.7Cr16.7Fe16.7Ni16.7V33.3,920.2,"刘亮,齐锦刚,王冰,赵作福,商剑,张越.CoCrFeNiV_x高熵合金的组织与力学性能[J].特种铸造及有色合金,2015,35(11):1130-1133./Liu Liang, Qi Jingang, Wang Bing, Zhao Zuofu, Shang Jian, Zhang Yue.Microstructure and Mechanical Properties of CoCrFeNiV High Entropy Alloys [J]. Special casting and nonferrous alloys, 2015,35 (11): 1130-1133"
Al3.5Co26.3Cr17.5Fe17.5Ni26.3Ti8.8,480.8,"孔蛟润. 铝和锰元素对CoCrFeNiTi系高熵合金组织与性能的影响[D].大连理工大学,2016./Kong jiaorun. Effect of Al and Mn on Microstructure and Properties of CoCrFeNiTi High entropy alloy System [D]. Dalian University of technology, 2016"
Al3.2Co24.2Cr16.1Fe16.1Ni24.2Ti16.1,671.6,"孔蛟润. 铝和锰元素对CoCrFeNiTi系高熵合金组织与性能的影响[D].大连理工大学,2016./Kong jiaorun. Effect of Al and Mn on Microstructure and Properties of CoCrFeNiTi High entropy alloy System [D]. Dalian University of technology, 2016"
Al18.2Co18.2Cr18.2Cu9.1Fe18.2Ti18.2,804,"郝聪敏,刘贵仲,谢红波,董鑫涛,班煜峰,郭景杰.Cu对AlFeCrCoTiCu_x多组元高熵合金组织及其力学性能的影响[J].广西大学学报(自然科学版),2016,41(03):876-882./Hao, Congmin, Liu, Guizhong, Xie, Hongbo, Dong, Xintao, Ban, Yufeng, Guo, Jingjie. Effect of Cu on the organization of AlFeCrCoTiCu_x multi-component high-entropy alloy and its mechanical properties high-entropy alloys[J]. Journal of Guangxi University (Natural Science Edition),2016,41(03):876-882."
Al17.4Co17.4Cr17.4Cu13Fe17.4Ti17.4,613,"郝聪敏,刘贵仲,谢红波,董鑫涛,班煜峰,郭景杰.Cu对AlFeCrCoTiCu_x多组元高熵合金组织及其力学性能的影响[J].广西大学学报(自然科学版),2016,41(03):876-882./Hao, Congmin, Liu, Guizhong, Xie, Hongbo, Dong, Xintao, Ban, Yufeng, Guo, Jingjie. Effect of Cu on the organization of AlFeCrCoTiCu_x multi-component high-entropy alloy and its mechanical properties high-entropy alloys[J]. Journal of Guangxi University (Natural Science Edition),2016,41(03):876-882."
Al16.7Co16.7Cr16.7Cu16.7Fe16.7Ti16.7,582,"郝聪敏,刘贵仲,谢红波,董鑫涛,班煜峰,郭景杰.Cu对AlFeCrCoTiCu_x多组元高熵合金组织及其力学性能的影响[J].广西大学学报(自然科学版),2016,41(03):876-882./Hao, Congmin, Liu, Guizhong, Xie, Hongbo, Dong, Xintao, Ban, Yufeng, Guo, Jingjie. Effect of Cu on the organization of AlFeCrCoTiCu_x multi-component high-entropy alloy and its mechanical properties high-entropy alloys[J]. Journal of Guangxi University (Natural Science Edition),2016,41(03):876-882."
Al5Co22.5Cr25Cu22.5Ni25,165.03,"王晓博,高巍,要玉宏,陈建,房耀文.高熵合金Al_5Co_(22.5)Cu_(25)Mn_(22.5)Ni_(25)微观组织与力学性能研究[J].西安工业大学学报,2017,37(02):145-150./[1] Wang Xiaobo, Gao Wei, Yao Hong, Chen Jian, Fang Yaowen.Microstructure and Mechanical Properties of Al5Co22.5Cu25Mn22.5Ni25 High-Entropy Alloy[J]. Journal of Xi'an University of technology, 2017,37 (02): 145-150"
Co10Cr10Fe40Mn40,131.3,"邵华. 碳对不同晶体结构高熵合金组织和性能的影响[D].西安工业大学,2017./Shao Hua. Effect of Carbon on Microstructure and Properties of High-entropy 
Alloys with different Crystal Structures [D]. Xi'an University of technology, 2017"
Co10Fe40Ni10Mn40,136,"邵华. 碳对不同晶体结构高熵合金组织和性能的影响[D].西安工业大学,2017./Shao Hua. Effect of Carbon on Microstructure and Properties of High-entropy 
Alloys with different Crystal Structures [D]. Xi'an University of technology, 2017"
Co10Cr10Fe50Mn30,380,"邵华. 碳对不同晶体结构高熵合金组织和性能的影响[D].西安工业大学,2017./Shao Hua. Effect of Carbon on Microstructure and Properties of High-entropy 
Alloys with different Crystal Structures [D]. Xi'an University of technology, 2017"
Cr25Fe25Mo25V25,720,"Guo J ,  Huang X ,  Huang W . Microstructure and Room-Temperature Mechanical Properties of FeCrMoVTi x High-Entropy Alloys[J]. Journal of Materials Engineering and Performance, 2017."
Cr22.2Fe22.2Mo22.2Ti11.1V22.2,818,"Guo J ,  Huang X ,  Huang W . Microstructure and Room-Temperature Mechanical Properties of FeCrMoVTi x High-Entropy Alloys[J]. Journal of Materials Engineering and Performance, 2017."
Cr18.2Fe18.2Mo18.2Ti27.3V18.2,735,"Guo J ,  Huang X ,  Huang W . Microstructure and Room-Temperature Mechanical Properties of FeCrMoVTi x High-Entropy Alloys[J]. Journal of Materials Engineering and Performance, 2017."
Cr16.7Fe16.7Mo16.7Ti33.3V16.7,685,"Guo J ,  Huang X ,  Huang W . Microstructure and Room-Temperature Mechanical Properties of FeCrMoVTi x High-Entropy Alloys[J]. Journal of Materials Engineering and Performance, 2017."
Co24.4Cr24.4Fe24.4Ni24.4Mo2.4,150,"Chang X ,  Hui J ,  Lu Y , et al. Microstructures and Mechanical Properties of NixCoCrFeMo0.1 Multi-component Alloys[M].  2018."
Co20Cr20Fe40Ni20,124,"Han L ,  Hui J ,  D  Qiao, et al. Effects of Iron on Microstructure and Properties of CoCrFexNi Multi-principal Element Alloys[C]// Chinese Materials Conference. Springer, Singapore, 2017."
Co14.3Cr14.3Fe57.1Ni14.3,109,"Han L ,  Hui J ,  D  Qiao, et al. Effects of Iron on Microstructure and Properties of CoCrFexNi Multi-principal Element Alloys[C]// Chinese Materials Conference. Springer, Singapore, 2017."
Co16.7Cr16.7Fe50Ni16.7,115,"Han L ,  Hui J ,  D  Qiao, et al. Effects of Iron on Microstructure and Properties of CoCrFexNi Multi-principal Element Alloys[C]// Chinese Materials Conference. Springer, Singapore, 2017."
Co22.2Cu11.1Fe22.2Ni22.2V22.2,214,"Ye H ,  Zhan Y ,  Nie N . Development of novel CoCu 0.5 FeNiVTi x ( x = 0, 0.5, 1, 1.5, 2) high-entropy alloys[J]. Materials Science & Technology, 2017:1-9."
Co20Cu10Fe20Ni20Ti10V20,546,"Ye H ,  Zhan Y ,  Nie N . Development of novel CoCu 0.5 FeNiVTi x ( x = 0, 0.5, 1, 1.5, 2) high-entropy alloys[J]. Materials Science & Technology, 2017:1-9."
Co18.2Cu9.1Fe18.2Ni18.2Ti18.2V18.2,690,"Ye H ,  Zhan Y ,  Nie N . Development of novel CoCu 0.5 FeNiVTi x ( x = 0, 0.5, 1, 1.5, 2) high-entropy alloys[J]. Materials Science & Technology, 2017:1-9."
Co16.7Cu8.3Fe16.7Ni16.7Ti25V16.7,664,"Ye H ,  Zhan Y ,  Nie N . Development of novel CoCu 0.5 FeNiVTi x ( x = 0, 0.5, 1, 1.5, 2) high-entropy alloys[J]. Materials Science & Technology, 2017:1-9."
Co15.4Cu7.7Fe15.4Ni15.4Ti30.8V15.4,660,"Ye H ,  Zhan Y ,  Nie N . Development of novel CoCu 0.5 FeNiVTi x ( x = 0, 0.5, 1, 1.5, 2) high-entropy alloys[J]. Materials Science & Technology, 2017:1-9."
Co25Cr25Fe25Mn25,310,"Koppoju S ,  Konduri S P ,  Chalavadi P , et al. Effect of Ni on Microstructure and Mechanical Properties of CrMnFeCoNi High Entropy Alloy[J]. Transactions of the Indian Institute of Metals, 2019, 73(11)."
Al13Co21.7Cr21.7Fe21.7Ni21.7,245.8,"Geanta V ,  Voiculescu I ,  Milosan I , et al. Chemical Composition Influence on Microhardness, Microstructure and Phase Morphology of AlxCrFeCoNi High Entropy Alloys[J]. Revista de Chimie -Bucharest- Original Edition-, 2018, 69(4):798-801."
Al4.8Co23.8Cr23.8Fe23.8Ni23.8,169,"Geanta V ,  Voiculescu I ,  Milosan I , et al. Chemical Composition Influence on Microhardness, Microstructure and Phase Morphology of AlxCrFeCoNi High Entropy Alloys[J]. Revista de Chimie -Bucharest- Original Edition-, 2018, 69(4):798-801."
Al25.9Co18.5Cr18.5Fe18.5Ni18.5,516.6,"Geanta V ,  Voiculescu I ,  Milosan I , et al. Chemical Composition Influence on Microhardness, Microstructure and Phase Morphology of AlxCrFeCoNi High Entropy Alloys[J]. Revista de Chimie -Bucharest- Original Edition-, 2018, 69(4):798-801."
Al13.3Co33.3Cu20Ni33.3,193,"Chen, Yongxing, Zhu, et al. Microstructure evolution and strengthening mechanism of Al0.4CoCu0.6NiSix (x=0–0.2) high entropy alloys prepared by vacuum arc melting and copper injection fast solidification[J]. VACUUM -LONDON THEN OXFORD- PERGAMON-, 2018."
Al7Co23.3Cr23.3Fe23.3Ni23.3,166,"程一丹. Al-Co-Cr-Fe-Mn-Ni-C系高熵合金组织及性能的研究[D].西安工业大学,2018./Cheng Yidan. Study on Al-Co-Cr-Fe-Mn-Ni-C High-entropy Alloys in As-Cast 
and Annealed Phase [D]. Xi'an University of technology, 2018"
Al8.6Co22.9Cr22.9Fe22.9Ni22.9,131,"Kao Y F ,  Chen T J ,  Chen S K , et al. Microstructure and mechanical property of as-cast, homogenized, and -deformed Al x CoCrFeNi (0 ≤ x ≤ 2) high-entropy alloys[J]. Journal of Alloys & Compounds, 2009, 488(1):57-64."
Al16.7Co16.7Cr16.7Cu16.7Fe16.7Ni16.7,472," Zhuang Y X ,  Liu W J ,  Chen Z Y , et al. Effect of elemental interaction on microstructure and mechanical properties of FeCoNiCuAl alloys[J]. Materials Science and Engineering A, 2012, 556(OCT.30):395–399."
Al16.7Co16.7Cr16.7Fe33.3Ni16.7,485,"龚文娟. Cu_xCrFeNiTi高熵合金抗高温氧化与耐腐蚀性能的研究[D].湘潭大学,2019./Gongwenjuan. High Temperature Oxidation Resistance and Corrosion Resistance of CuxCrFeNiTi High Entropy Alloy[D]. Xiangtan University, 2019.、陈秋实. 硼元素和铁元素对AlCoCrFeNi基高熵合金的改性研究[D].大连理工大学,2015./Chen Qiushi.Study on the Modification of AlCoCrFeNi based high entropy alloy by B and Fe [D]. Dalian University of technology, 2015."
Al16.7Co16.7Cu16.7Fe16.7Ni16.7Ti16.7,626,"Zhuang Y X ,  Liu W J ,  Chen Z Y , et al. Effect of elemental interaction on microstructure and mechanical properties of FeCoNiCuAl alloys[J]. Materials Science and Engineering A, 2012, 556(OCT.30):395–399. 、Zhuang Y X ,  Liu W J ,  Chen Z Y , et al. Effect of elemental interaction on microstructure and mechanical properties of FeCoNiCuAl alloys[J]. Materials Science and Engineering A, 2012, 556(OCT.30):395–399."
Al16.7Cr16.7Cu16.7Fe16.7Ni33.3,396,"Guo S ,  Ng C ,  Liu C T . Anomalous solidification microstructures in Co-free AlxCrCuFeNi2 high-entropy alloys[J]. Journal of Alloys & Compounds, 2013, 557:77-81.、刘用. Al_xCrCuFeNi_2高熵合金的组织结构及摩擦学性能研究[D].太原理工大学,2016./Liu Yong, al_ xCrCuFeNi2 .The studyof Microstructure and Tribological Properties of AlxCrCuFeNi2 high entropy alloy [D]. Taiyuan University of technology, 2016"
Al16Co20Cr20Fe20Ni20Ti4,473,"蒋淑英,林志峰,许红明,张大磊.铸态及退火态Al_(0.8)CoCrFeNiTi_(0.2)高熵合金的组织和性能[J].稀有金属材料与工程,2019,48(06):2014-2020./Jiang Shu Ying, Lin Zhi Feng, Xu Hong Ming, Zhang Da Lei. Microstructure and Properties of the As-cast and Annealed Al CoCrFeNiTi0.2 High-Entropy Alloys[J]. Rare metal materials and engineering, 2019,48 (06): 2014-2020、林志峰. CoCrFeNiAl_xTi_(1-x)系高熵合金铸态及退火态组织和性能研究[D].中国石油大学(华东),2017./Lin Zhifeng. Study on Microstructure and Properties of the As-cast and Annealed CoCrFeNiAixTi1-x High Entropy Alloys[D]. China University of Petroleum (East China), 2017.、Jiang S ,  Lin Z ,  Xu H , et al. Studies on the microstructure and properties of AlxCoCrFeNiTi1-x high entropy alloys[J]. Journal of Alloys & Compounds, 2018, 741:826-833."
Al18.2Co18.2Cr18.2Fe18.2Ni18.2Mo9.1,747,"Hsu C Y ,  Wang W R ,  Tang W Y , et al. Microstructure and Mechanical Properties of New AlCoxCrFeMo0.5Ni High‐Entropy Alloys[J]. Advanced Engineering Materials, 2010, 12(1-2):44-49.、Hsu C Y ,  Juan C C ,  Sheu T S , et al. Effect of Aluminum Content on Microstructure and Mechanical Properties of AlxCoCrFeMo0.5Ni High-Entropy Alloys[J]. JOM, 2013, 65(12):1840-1847.、Juan C C ,  Hsu C Y ,  Tsai C W , et al. On microstructure and mechanical performance of AlCoCrFeMo0.5Nix high-entropy alloys[J]. Intermetallics, 2013, 32:401-407."
Al18.2Co18.2Cr18.2Fe18.2Ni18.2Ti9.1,507,"王银凤. AlCoCrFeNiTi_X高熵合金的微观组织与力学性能研究[D].太原理工大学,2013./Wang Yinfeng. The Study of  Microstructures and mechanical properties of  AlCoCrFeNiTiX High Entropy alloy[D]. Taiyuan University of technology, 2013"
Al10Co20Cr20Fe20Ni20Ti10,520,"蒋淑英,林志峰,许红明.铸态和退火态Al_(0.5)CoCrFeNiTi_(0.5)高熵合金的组织与性能[J].中国有色金属学报,2019,29(02):326-333./Jiang Shuying, Lin Zhifeng, Xu Hongming. Microstructure and properties of as-cast and annealed AlCoCrFeNiTi0.5 high-entropy alloys [J]. Chinese Journal of nonferrous metals, 2019,29 (02): 326-333、林志峰. CoCrFeNiAl_xTi_(1-x)系高熵合金铸态及退火态组织和性能研究[D].中国石油大学(华东),2017./Lin Zhifeng. Study on Microstructure and Properties of the As-cast and Annealed CoCrFeNiAixTi1-x High Entropy Alloys[D]. China University of Petroleum (East China), 2017.、Jiang S ,  Lin Z ,  Xu H , et al. Studies on the microstructure and properties of AlxCoCrFeNiTi1-x high entropy alloys[J]. Journal of Alloys & Compounds, 2018, 741:826-833."
Al23.8Co19Cr19Fe19Ni19,493,"Kao Y F ,  Chen T J ,  Chen S K , et al. Microstructure and mechanical property of as-cast, homogenized, and -deformed Al x CoCrFeNi (0 ≤ x ≤ 2) high-entropy alloys[J]. Journal of Alloys & Compounds, 2009, 488(1):57-64."
Al25Co25Fe25Ni25,447,"Zhu Z G ,  Ma K H ,  Wang Q , et al. Compositional dependence of phase formation and mechanical properties in three CoCrFeNi-(Mn/Al/Cu) high entropy alloys[J]. Intermetallics, 2016, 79:1-11.、Zuo T T ,  Li R B ,  Ren X J , et al. Effects of Al and Si addition on the structure and properties of CoFeNi equal atomic ratio alloy[J]. Journal of Magnetism & Magnetic Materials, 2014, 371(dec.):60-68.、王帅. Al_xCoFeNiCr_（1-x）高熵合金微观组织，力学性能及耐腐蚀性能研究[D].中北大学,2020./Wang Shuai. Study on the Mechanical Properties and Corrosion Resistance of AlxCoFeNiCr1-x High-Entropy Alloys[D]. Zhongbei University, 2020.、邵华. 碳对不同晶体结构高熵合金组织和性能的影响[D].西安工业大学,2017./Shao Hua. Effect of Carbon on Microstructure and Properties of High-entropy Alloys with different Crystal Structures [D]. Xi'an University of technology, 2017"
Al26.5Cr14.7Cu14.7Fe14.7Ni29.4,570,"Guo S ,  Ng C ,  Liu C T . Anomalous solidification microstructures in Co-free AlxCrCuFeNi2 high-entropy alloys[J]. Journal of Alloys & Compounds, 2013, 557:77-81.、刘用. Al_xCrCuFeNi_2高熵合金的组织结构及摩擦学性能研究[D].太原理工大学,2016./Liu Yong, al_ xCrCuFeNi2 .The studyof Microstructure and Tribological Properties of AlxCrCuFeNi2 high entropy alloy [D]. Taiyuan University of technology, 2016"
Al27.3Co18.2Cr18.2Fe18.2Ni18.2,510,"Kao Y F ,  Chen T J ,  Chen S K , et al. Microstructure and mechanical property of as-cast, homogenized, and -deformed Al x CoCrFeNi (0 ≤ x ≤ 2) high-entropy alloys[J]. Journal of Alloys & Compounds, 2009, 488(1):57-64.、Geanta V ,  Voiculescu I ,  Milosan I , et al. Chemical Composition Influence on Microhardness, Microstructure and Phase Morphology of AlxCrFeCoNi High Entropy Alloys[J]. Revista de Chimie -Bucharest- Original Edition-, 2018, 69(4):798-801."
Al28.6Co14.3Cr14.3Fe14.3Ni14.3Ti14.3,729,"徐义库,刘建儒,宋绪丁,陈永楠,黄兆皓,郝建民,刘林.CoCrFeNiTiAlx高熵合金的组织演变及其力学性能研究[J].热加工工艺,2018,47(24):21-24+30./Xu yiku, Liu Jianru, song Xuding, Chen Yongnan, Huang zhaohao, Hao Jianmin, Liu Lin. Study on Microstructure Evolution and Mechanical Properties of CoCrFeNiTiAl high entropy alloy [J]. Hot working process, 2018,47 (24): 21-24 + 30"
Al20Co20Cr20Cu20Fe20,407,"Yeh J W . Recent progress in high-entropy alloys[J]. European Journal of Control, 2006, 31(6):633-648."
Al20Co20Cu20Fe20Ni20,536,"Yanxin, ZHUANG, 1), et al. Effect of Co element on microstructure and mechanical properties of FeCo_x NiCuAl alloys[J]. Acta Metallurgica Sinica(English Letters), 2012, 02(v.25):38-44.、Zhuang Y X ,  Liu W J ,  Chen Z Y , et al. Effect of elemental interaction on microstructure and mechanical properties of FeCoNiCuAl alloys[J]. Materials Science and Engineering A, 2012, 556(OCT.30):395–399."
Co25Cr16.7Fe16.7Ni25Ti16.7,596.3,"孔蛟润. 铝和锰元素对CoCrFeNiTi系高熵合金组织与性能的影响[D].大连理工大学,2016./Kong jiaorun. Effect of Al and Mn on Microstructure and Properties of CoCrFeNiTi High entropy alloy System [D]. Dalian University of technology, 2016"
Co25Cr25Fe25Ni25,156,"Ma H ,  Chan H S . Effects of Hf on the microstructure and mechanical properties of CoCrFeNi high entropy alloy[J]. Journal of Alloys and Compounds, 2020, 827:154159."
Co27.3Cr18.2Fe18.2Ni27.3Ti9.1,447.5,"孔蛟润. 铝和锰元素对CoCrFeNiTi系高熵合金组织与性能的影响[D].大连理工大学,2016./Kong jiaorun. Effect of Al and Mn on Microstructure and Properties of CoCrFeNiTi High entropy alloy System [D]. Dalian University of technology, 2016"
Co20Cr20Fe20Ni20Mn20,118,"董意男. FeCoNiCrMn(Nb,Sn)x高熵合金的微观组织及力学性能研究[D].大连交通大学,2017./Dong Yinan. Microstructure and mechanical properties of FeCoNiCrMn (Nb,Sn)x HEAs [D]. Dalian Jiaotong University, 2017、董意男,王晶,徐书聪,王字敏,庄艳歆.FeCoNiCrMnNb_x高熵合金体系的微观组织和力学性能[J].大连交通大学学报,2018,39(01):90-94+114./Dong Yinan, Wang Jing, Xu Shucong, Wang Zimin, Zhuang Yanxin. Microstructure and Mechanical Properties of FeCoNiCrMnNbx High Entropy Alloys[J]. Journal of Dalian Jiaotong University, 2018,39 (01): 90-94 + 114"
Cr20Fe20Mo20Ti20V20,857,"Guo J ,  Huang X ,  Huang W . Microstructure and Room-Temperature Mechanical Properties of FeCrMoVTi x High-Entropy Alloys[J]. Journal of Materials Engineering and Performance, 2017.、薛彦均,尉文超,王毛球,时捷.Si对FeMoCrVTiSi_x高熵合金组织和力学性能的影响[J].特种铸造及有色合金,2020,40(01):112-116./Xue Yanjun,Yu Wenchao,Wang Maoqiu,Porsche.Effects of Si on Microstructure and Mechanical Properties of FeMoCrVTiSix High Entropy Alloy[J]. Special casting and nonferrous alloys,2020,40(01):112-116."
Co20Cr20Fe20Ni20V20,504,"刘亮,齐锦刚,王冰,赵作福,商剑,张越.CoCrFeNiV_x高熵合金的组织与力学性能[J].特种铸造及有色合金,2015,35(11):1130-1133./Liu Liang, Qi Jingang, Wang Bing, Zhao Zuofu, Shang Jian, Zhang Yue.Microstructure and Mechanical Properties of CoCrFeNiV High Entropy Alloys [J]. Special casting and nonferrous alloys, 2015,35 (11): 1130-1133"
Co18.2Cr18.2Fe18.2Ni18.2V27.3,895,"刘亮,齐锦刚,王冰,赵作福,商剑,张越.CoCrFeNiV_x高熵合金的组织与力学性能[J].特种铸造及有色合金,2015,35(11):1130-1133./Liu Liang, Qi Jingang, Wang Bing, Zhao Zuofu, Shang Jian, Zhang Yue.Microstructure and Mechanical Properties of CoCrFeNiV High Entropy Alloys [J]. Special casting and nonferrous alloys, 2015,35 (11): 1130-1133"
Al34Co17Cr34Fe5Ni10,699,"Wen C ,  Zhang Y ,  Wang C , et al. Machine learning assisted design of high entropy alloys with desired property[J]. Acta Materialia, 2019."
Al47Co14Cr15Cu5Fe13Ni6,728,"Wen C ,  Zhang Y ,  Wang C , et al. Machine learning assisted design of high entropy alloys with desired property[J]. Acta Materialia, 2019."
Al38Co11Cr6Cu9Fe31Ni5,604,"Wen C ,  Zhang Y ,  Wang C , et al. Machine learning assisted design of high entropy alloys with desired property[J]. Acta Materialia, 2019."
Al36Co10Cr31Cu6Fe9Ni8,790,"Wen C ,  Zhang Y ,  Wang C , et al. Machine learning assisted design of high entropy alloys with desired property[J]. Acta Materialia, 2019."
Al43Co17Cr15Fe14Ni11,806,"Wen C ,  Zhang Y ,  Wang C , et al. Machine learning assisted design of high entropy alloys with desired property[J]. Acta Materialia, 2019."
Al47Co12Cr12Cu5Fe13Ni11,811,"Wen C ,  Zhang Y ,  Wang C , et al. Machine learning assisted design of high entropy alloys with desired property[J]. Acta Materialia, 2019."
Al43Co19Cr19Fe11Ni8,855,"Wen C ,  Zhang Y ,  Wang C , et al. Machine learning assisted design of high entropy alloys with desired property[J]. Acta Materialia, 2019."
Al39Co10Cr31Cu5Fe8Ni7,802,"Wen C ,  Zhang Y ,  Wang C , et al. Machine learning assisted design of high entropy alloys with desired property[J]. Acta Materialia, 2019."
Al47Co13Cr13Cu5Fe12Ni10,799,"Wen C ,  Zhang Y ,  Wang C , et al. Machine learning assisted design of high entropy alloys with desired property[J]. Acta Materialia, 2019."
Al43Co20Cr22Fe8Ni7,857,"Wen C ,  Zhang Y ,  Wang C , et al. Machine learning assisted design of high entropy alloys with desired property[J]. Acta Materialia, 2019."
Al47Co14Cr19Cu5Fe10Ni5,855,"Wen C ,  Zhang Y ,  Wang C , et al. Machine learning assisted design of high entropy alloys with desired property[J]. Acta Materialia, 2019."
Al43Co20Cr19Fe9Ni9,816,"Wen C ,  Zhang Y ,  Wang C , et al. Machine learning assisted design of high entropy alloys with desired property[J]. Acta Materialia, 2019."
Al46Co14Cr23Cu5Fe7Ni5,811,"Wen C ,  Zhang Y ,  Wang C , et al. Machine learning assisted design of high entropy alloys with desired property[J]. Acta Materialia, 2019."
Al44Co14Cr22Cu5Fe9Ni6,790,"Wen C ,  Zhang Y ,  Wang C , et al. Machine learning assisted design of high entropy alloys with desired property[J]. Acta Materialia, 2019."
Al43Co19Cr24Fe8Ni6,855,"Wen C ,  Zhang Y ,  Wang C , et al. Machine learning assisted design of high entropy alloys with desired property[J]. Acta Materialia, 2019."
Al43Co18Cr24Fe10Ni5,856,"Wen C ,  Zhang Y ,  Wang C , et al. Machine learning assisted design of high entropy alloys with desired property[J]. Acta Materialia, 2019."
Al47Co14Cr20Cu5Fe9Ni5,859,"Wen C ,  Zhang Y ,  Wang C , et al. Machine learning assisted design of high entropy alloys with desired property[J]. Acta Materialia, 2019."
Al43Co24Cr22Fe5Ni6,875,"Wen C ,  Zhang Y ,  Wang C , et al. Machine learning assisted design of high entropy alloys with desired property[J]. Acta Materialia, 2019."
Al43Co23Cr21Fe8Ni5,863,"Wen C ,  Zhang Y ,  Wang C , et al. Machine learning assisted design of high entropy alloys with desired property[J]. Acta Materialia, 2019."
Al47Co12Cr20Cu5Fe11Ni5,843,"Wen C ,  Zhang Y ,  Wang C , et al. Machine learning assisted design of high entropy alloys with desired property[J]. Acta Materialia, 2019."
Al43Co15Cr17Cu5Fe14Ni6,794,"Wen C ,  Zhang Y ,  Wang C , et al. Machine learning assisted design of high entropy alloys with desired property[J]. Acta Materialia, 2019."
Al42Co10Cr30Cu5Fe7Ni6,783,"Wen C ,  Zhang Y ,  Wang C , et al. Machine learning assisted design of high entropy alloys with desired property[J]. Acta Materialia, 2019."
Al47Co11Cr22Cu5Fe10Ni5,797,"Wen C ,  Zhang Y ,  Wang C , et al. Machine learning assisted design of high entropy alloys with desired property[J]. Acta Materialia, 2019."
Al47Co13Cr20Cu5Fe10Ni5,805,"Wen C ,  Zhang Y ,  Wang C , et al. Machine learning assisted design of high entropy alloys with desired property[J]. Acta Materialia, 2019."
Al29Co22Cr34Fe5Ni10,699,"Wen C ,  Zhang Y ,  Wang C , et al. Machine learning assisted design of high entropy alloys with desired property[J]. Acta Materialia, 2019."
Al47Co7Cr16Cu9Fe16Ni5,749,"Wen C ,  Zhang Y ,  Wang C , et al. Machine learning assisted design of high entropy alloys with desired property[J]. Acta Materialia, 2019."
Al43Co14Cr21Cu5Fe12Ni5,828,"Wen C ,  Zhang Y ,  Wang C , et al. Machine learning assisted design of high entropy alloys with desired property[J]. Acta Materialia, 2019."
Al47Co18Cr15Cu5Fe10Ni5,849,"Wen C ,  Zhang Y ,  Wang C , et al. Machine learning assisted design of high entropy alloys with desired property[J]. Acta Materialia, 2019."
Al47Co20Cr18Cu5Fe5Ni5,883,"Wen C ,  Zhang Y ,  Wang C , et al. Machine learning assisted design of high entropy alloys with desired property[J]. Acta Materialia, 2019."
Al43Co18Cr20Fe12Ni7,864,"Wen C ,  Zhang Y ,  Wang C , et al. Machine learning assisted design of high entropy alloys with desired property[J]. Acta Materialia, 2019."
Al47Co17Cr16Cu5Fe10Ni5,841,"Wen C ,  Zhang Y ,  Wang C , et al. Machine learning assisted design of high entropy alloys with desired property[J]. Acta Materialia, 2019."
Al43Co24Cr23Fe5Ni5,868,"Wen C ,  Zhang Y ,  Wang C , et al. Machine learning assisted design of high entropy alloys with desired property[J]. Acta Materialia, 2019."
Al43Co25Cr22Fe5Ni5,865,"Wen C ,  Zhang Y ,  Wang C , et al. Machine learning assisted design of high entropy alloys with desired property[J]. Acta Materialia, 2019."
Al46Co21Cr18Cu5Fe5Ni5,840,"Wen C ,  Zhang Y ,  Wang C , et al. Machine learning assisted design of high entropy alloys with desired property[J]. Acta Materialia, 2019."
Al43Co22Cr22Fe8Ni5,882,"Wen C ,  Zhang Y ,  Wang C , et al. Machine learning assisted design of high entropy alloys with desired property[J]. Acta Materialia, 2019."
Al43Co22Cr23Fe7Ni5,883,"Wen C ,  Zhang Y ,  Wang C , et al. Machine learning assisted design of high entropy alloys with desired property[J]. Acta Materialia, 2019."
Al43Co20Cr21Fe9Ni7,828,"Wen C ,  Zhang Y ,  Wang C , et al. Machine learning assisted design of high entropy alloys with desired property[J]. Acta Materialia, 2019."
Al43Co22Cr25Fe5Ni5,848,"Wen C ,  Zhang Y ,  Wang C , et al. Machine learning assisted design of high entropy alloys with desired property[J]. Acta Materialia, 2019."
Al47Co19Cr19Cu5Fe5Ni5,878,"Wen C ,  Zhang Y ,  Wang C , et al. Machine learning assisted design of high entropy alloys with desired property[J]. Acta Materialia, 2019."
Al43Co29Cr18Fe5Ni5,782,"Wen C ,  Zhang Y ,  Wang C , et al. Machine learning assisted design of high entropy alloys with desired property[J]. Acta Materialia, 2019."
Al9.1Cr22.7Cu22.7Ni22.7Ti22.7,392,"郭富强.Al_xCrCuNiTi高熵合金的微观组织与硬度[J].特种铸造及有色合金,2019,39(12):1277-1281./Guo Fuqiang.Microstructure and Hardness of AlCrCuNiTi High-entropy Alloys [J]. Special casting and nonferrous alloy, 2019,39 (12): 1277-1281"
Al13Cr21.7Cu21.7Ni21.7Ti21.7,452,"郭富强.Al_xCrCuNiTi高熵合金的微观组织与硬度[J].特种铸造及有色合金,2019,39(12):1277-1281./Guo Fuqiang.Microstructure and Hardness of AlCrCuNiTi High-entropy Alloys [J]. Special casting and nonferrous alloy, 2019,39 (12): 1277-1281"
Al20Co20Cr20Fe20Ni20,350.2,"黄蕾,王雪洁,王长征,杨院生.Ti对AlCoCrFeNiTi_x高熵合金微观组织和摩擦性能的影响[J].特种铸造及有色合金,2020,40(05):562-566./Huang Lei, Wang Xuejie, Wang Changzheng, Yang Yuansheng. Microstructure Evolution and Wear Resistance of AlCoCrFeNiTi[J]. Special casting and nonferrous alloy, 2020,40 (05): 562-566"
Al16.7Co16.7Cr16.7Fe16.7Ni16.7Ti16.7,435,"黄蕾,王雪洁,王长征,杨院生.Ti对AlCoCrFeNiTi_x高熵合金微观组织和摩擦性能的影响[J].特种铸造及有色合金,2020,40(05):562-566./Huang Lei, Wang Xuejie, Wang Changzheng, Yang Yuansheng. Microstructure Evolution and Wear Resistance of AlCoCrFeNiTi[J]. Special casting and nonferrous alloy, 2020,40 (05): 562-566"